﻿Country code;Economy;Region;Income group;DB year;Ease of doing business score (DB17-21 methodology)
AFG;Afghanistan;South Asia;Low income;2017;39,2
ALB;Albania;Europe & Central Asia;Upper middle income;2017;64
DZA;Algeria;Middle East & North Africa;Lower-middle income;2017;45,8
AGO;Angola;Sub-Saharan Africa;Lower middle income;2017;37,2
ATG;Antigua and Barbuda;Latin America & Caribbean;High income;2017;58,4
ARG;Argentina;Latin America & Caribbean;Upper middle income;2017;57,9
ARM;Armenia;Europe & Central Asia;Upper middle income;2017;70,6
AUS;Australia;High income: OECD;High income;2017;80,2
AUT;Austria;High income: OECD;High income;2017;78,5
AZE;Azerbaijan;Europe & Central Asia;Upper middle income;2017;64,7
BHS;Bahamas The;Latin America & Caribbean;High income;2017;57
BHR;Bahrain;Middle East & North Africa;High income;2017;69,1
BGD;Bangladesh;South Asia;Lower middle income;2017;41,3
BGD_2Chi;Bangladesh Chittagong;South Asia;Lower middle income;2017;42
BGD_1Dha;Bangladesh Dhaka;South Asia;Lower middle income;2017;41,1
BRB;Barbados;Latin America & Caribbean;High income;2017;58
BLR;Belarus;Europe & Central Asia;Upper middle income;2017;72,5
BEL;Belgium;High income: OECD;High income;2017;72,1
BLZ;Belize;Latin America & Caribbean;Upper middle income;2017;55,4
BEN;Benin;Sub-Saharan Africa;Lower-middle income;2017;49,8
BTN;Bhutan;South Asia;Lower middle income;2017;64,2
BOL;Bolivia;Latin America & Caribbean;Lower middle income;2017;50
BIH;Bosnia and Herzegovina;Europe & Central Asia;Upper middle income;2017;65,1
BWA;Botswana;Sub-Saharan Africa;Upper middle income;2017;65,8
BRA;Brazil;Latin America & Caribbean;Upper middle income;2017;54,9
BRA_2Rio;Brazil Rio de Janeiro;Latin America & Caribbean;Upper middle income;2017;55,8
BRA_1Sao;Brazil São Paulo;Latin America & Caribbean;Upper middle income;2017;54,3
BRN;Brunei Darussalam;East Asia & Pacific;High income;2017;62,9
BGR;Bulgaria;Europe & Central Asia;Upper middle income;2017;71,4
BFA;Burkina Faso;Sub-Saharan Africa;Low income;2017;50,6
BDI;Burundi;Sub-Saharan Africa;Low income;2017;45,7
CPV;Cabo Verde;Sub-Saharan Africa;Lower middle income;2017;53,6
KHM;Cambodia;East Asia & Pacific;Lower middle income;2017;53,2
CMR;Cameroon;Sub-Saharan Africa;Lower middle income;2017;41,7
CAN;Canada;High income: OECD;High income;2017;80
CAF;Central African Republic;Sub-Saharan Africa;Low income;2017;31,6
TCD;Chad;Sub-Saharan Africa;Low income;2017;36
CHL;Chile;High income: OECD;High income;2017;71,6
CHN;China;East Asia & Pacific;Upper middle income;2017;63,8
CHN_2Bei;China Beijing;East Asia & Pacific;Upper middle income;2017;63,9
CHN_1Sha;China Shanghai;East Asia & Pacific;Upper middle income;2017;63,7
COL;Colombia;Latin America & Caribbean;Upper middle income;2017;69,5
COM;Comoros;Sub-Saharan Africa;Lower middle income;2017;46,1
COD;Congo Dem. Rep.;Sub-Saharan Africa;Low income;2017;33,3
COG;Congo Rep.;Sub-Saharan Africa;Lower middle income;2017;38,5
CRI;Costa Rica;Latin America & Caribbean;Upper middle income;2017;67,3
CIV;Côte d'Ivoire;Sub-Saharan Africa;Lower middle income;2017;51,2
HRV;Croatia;Europe & Central Asia;High income;2017;72,5
CYP;Cyprus;Europe & Central Asia;High income;2017;72,3
CZE;Czech Republic;High income: OECD;High income;2017;76,7
DNK;Denmark;High income: OECD;High income;2017;84,5
DJI;Djibouti;Middle East & North Africa;Lower middle income;2017;46,7
DMA;Dominica;Latin America & Caribbean;Upper middle income;2017;61,2
DOM;Dominican Republic;Latin America & Caribbean;Upper middle income;2017;57,6
ECU;Ecuador;Latin America & Caribbean;Upper middle income;2017;57,4
EGY;Egypt Arab Rep.;Middle East & North Africa;Lower middle income;2017;55,4
SLV;El Salvador;Latin America & Caribbean;Lower middle income;2017;62,7
GNQ;Equatorial Guinea;Sub-Saharan Africa;Upper middle income;2017;38,8
ERI;Eritrea;Sub-Saharan Africa;Low income;2017;21,3
EST;Estonia;High income: OECD;High income;2017;80,8
SWZ;Eswatini;Sub-Saharan Africa;Lower middle income;2017;58,5
ETH;Ethiopia;Sub-Saharan Africa;Low income;2017;44,1
FJI;Fiji;East Asia & Pacific;Upper middle income;2017;61
FIN;Finland;High income: OECD;High income;2017;79,9
FRA;France;High income: OECD;High income;2017;76,2
GAB;Gabon;Sub-Saharan Africa;Upper middle income;2017;43
GMB;Gambia The;Sub-Saharan Africa;Low income;2017;47,7
GEO;Georgia;Europe & Central Asia;Upper middle income;2017;80,8
DEU;Germany;High income: OECD;High income;2017;79,4
GHA;Ghana;Sub-Saharan Africa;Lower middle income;2017;57,8
GRC;Greece;High income: OECD;High income;2017;67,2
GRD;Grenada;Latin America & Caribbean;Upper middle income;2017;53,4
GTM;Guatemala;Latin America & Caribbean;Upper middle income;2017;61
GIN;Guinea;Sub-Saharan Africa;Low income;2017;45,9
GNB;Guinea-Bissau;Sub-Saharan Africa;Low income;2017;43
GUY;Guyana;Latin America & Caribbean;Upper middle income;2017;56,4
HTI;Haiti;Latin America & Caribbean;Low income;2017;37,7
HND;Honduras;Latin America & Caribbean;Lower middle income;2017;54,2
HKG;Hong Kong SAR China;East Asia & Pacific;High income;2017;84,3
HUN;Hungary;High income: OECD;High income;2017;71,4
ISL;Iceland;High income: OECD;High income;2017;78,9
IND;India;South Asia;Lower middle income;2017;56
IND_2Del;India Delhi;South Asia;Lower middle income;2017;56,9
IND_1Mum;India Mumbai;South Asia;Lower middle income;2017;54,9
IDN;Indonesia;East Asia & Pacific;Lower middle income;2017;64,7
IDN_1Jak;Indonesia Jakarta;East Asia & Pacific;Upper-middle income;2017;64,8
IDN_2Sur;Indonesia Surabaya;East Asia & Pacific;Upper-middle income;2017;64,1
IRN;Iran Islamic Rep.;Middle East & North Africa;Upper middle income;2017;55,7
IRQ;Iraq;Middle East & North Africa;Upper middle income;2017;44,1
IRL;Ireland;High income: OECD;High income;2017;79,9
ISR;Israel;High income: OECD;High income;2017;75,4
ITA;Italy;High income: OECD;High income;2017;71,8
JAM;Jamaica;Latin America & Caribbean;Upper middle income;2017;67,2
JPN;Japan;High income: OECD;High income;2017;78,3
JPN_2Osa;Japan Osaka;High income: OECD;High income;2017;78,8
JPN_1Tok;Japan Tokyo;High income: OECD;High income;2017;78
JOR;Jordan;Middle East & North Africa;Upper middle income;2017;56,3
KAZ;Kazakhstan;Europe & Central Asia;Upper middle income;2017;74,3
KEN;Kenya;Sub-Saharan Africa;Lower middle income;2017;62,8
KIR;Kiribati;East Asia & Pacific;Lower middle income;2017;46,7
KOR;Korea Rep.;High income: OECD;High income;2017;84
XKX;Kosovo;Europe & Central Asia;Upper middle income;2017;64,9
KWT;Kuwait;Middle East & North Africa;High income;2017;60
KGZ;Kyrgyz Republic;Europe & Central Asia;Lower middle income;2017;61,3
LAO;Lao PDR;East Asia & Pacific;Lower middle income;2017;49,1
LVA;Latvia;High income: OECD;High income;2017;80,6
LBN;Lebanon;Middle East & North Africa;Upper middle income;2017;54,4
LSO;Lesotho;Sub-Saharan Africa;Lower middle income;2017;58,1
LBR;Liberia;Sub-Saharan Africa;Low income;2017;40,8
LBY;Libya;Middle East & North Africa;Upper middle income;2017;32,5
LTU;Lithuania;High income: OECD;High income;2017;79,2
LUX;Luxembourg;High income: OECD;High income;2017;69,1
MDG;Madagascar;Sub-Saharan Africa;Low income;2017;42,6
MWI;Malawi;Sub-Saharan Africa;Low income;2017;53,1
MYS;Malaysia;East Asia & Pacific;Upper middle income;2017;78,2
MDV;Maldives;South Asia;Upper middle income;2017;52
MLI;Mali;Sub-Saharan Africa;Low income;2017;52,1
MLT;Malta;Middle East & North Africa;High income;2017;64,8
MHL;Marshall Islands;East Asia & Pacific;Upper middle income;2017;50,9
MRT;Mauritania;Sub-Saharan Africa;Lower middle income;2017;46,2
MUS;Mauritius;Sub-Saharan Africa;High income;2017;75,8
MEX;Mexico;Latin America & Caribbean;Upper middle income;2017;72,4
MEX_1Mex;Mexico Mexico City;Latin America & Caribbean;Upper middle income;2017;71,6
MEX_2Mon;Mexico Monterrey;Latin America & Caribbean;Upper middle income;2017;76,2
FSM;Micronesia Fed. Sts.;East Asia & Pacific;Lower middle income;2017;48,1
MDA;Moldova;Europe & Central Asia;Lower middle income;2017;72,6
MNG;Mongolia;East Asia & Pacific;Lower middle income;2017;66,2
MNE;Montenegro;Europe & Central Asia;Upper middle income;2017;70,8
MAR;Morocco;Middle East & North Africa;Lower middle income;2017;69
MOZ;Mozambique;Sub-Saharan Africa;Low income;2017;52,1
MMR;Myanmar;East Asia & Pacific;Lower middle income;2017;43,1
NAM;Namibia;Sub-Saharan Africa;Upper middle income;2017;60,1
NPL;Nepal;South Asia;Lower-middle income;2017;58
NLD;Netherlands;High income: OECD;High income;2017;75,3
NZL;New Zealand;High income: OECD;High income;2017;86,8
NIC;Nicaragua;Latin America & Caribbean;Lower middle income;2017;54,5
NER;Niger;Sub-Saharan Africa;Low income;2017;49,6
NGA;Nigeria;Sub-Saharan Africa;Lower middle income;2017;48,3
NGA_2Kan;Nigeria Kano;Sub-Saharan Africa;Lower middle income;2017;52
NGA_1Lag;Nigeria Lagos;Sub-Saharan Africa;Lower middle income;2017;47,1
MKD;North Macedonia;Europe & Central Asia;Upper middle income;2017;80,4
NOR;Norway;High income: OECD;High income;2017;82,1
OMN;Oman;Middle East & North Africa;High income;2017;68,3
PAK;Pakistan;South Asia;Lower middle income;2017;52,5
PAK_1Kar;Pakistan Karachi;South Asia;Lower middle income;2017;51,4
PAK_2Lah;Pakistan Lahore;South Asia;Lower middle income;2017;54,5
PLW;Palau;East Asia & Pacific;High income;2017;53,2
PAN;Panama;Latin America & Caribbean;High income;2017;64,6
PNG;Papua New Guinea;East Asia & Pacific;Lower middle income;2017;59,4
PRY;Paraguay;Latin America & Caribbean;Upper middle income;2017;57
PER;Peru;Latin America & Caribbean;Upper middle income;2017;67,4
PHL;Philippines;East Asia & Pacific;Lower middle income;2017;59,4
POL;Poland;High income: OECD;High income;2017;77,6
PRT;Portugal;High income: OECD;High income;2017;76,7
PRI;Puerto Rico;Latin America & Caribbean;High income;2017;68,9
QAT;Qatar;Middle East & North Africa;High income;2017;65,3
ROU;Romania;Europe & Central Asia;High income;2017;72,6
RUS;Russian Federation;Europe & Central Asia;Upper middle income;2017;75,4
RUS_1Mos;Russian Federation Moscow;Europe & Central Asia;Upper middle income;2017;75,7
RUS_2Sai;Russian Federation Saint Petersburg;Europe & Central Asia;Upper middle income;2017;74,9
RWA;Rwanda;Sub-Saharan Africa;Low income;2017;68,7
WSM;Samoa;East Asia & Pacific;Upper middle income;2017;60
SMR;San Marino;Europe & Central Asia;High income;2017;61,5
STP;São Tomé and Príncipe;Sub-Saharan Africa;Lower middle income;2017;44,8
SAU;Saudi Arabia;Middle East & North Africa;High income;2017;59,4
SEN;Senegal;Sub-Saharan Africa;Lower middle income;2017;50,3
SRB;Serbia;Europe & Central Asia;Upper middle income;2017;73,4
SYC;Seychelles;Sub-Saharan Africa;High income;2017;60,5
SLE;Sierra Leone;Sub-Saharan Africa;Low income;2017;47,2
SGP;Singapore;East Asia & Pacific;High income;2017;85,5
SVK;Slovak Republic;High income: OECD;High income;2017;74,7
SVN;Slovenia;High income: OECD;High income;2017;75,5
SLB;Solomon Islands;East Asia & Pacific;Lower middle income;2017;55,1
SOM;Somalia;Sub-Saharan Africa;Low income;2017;20,2
ZAF;South Africa;Sub-Saharan Africa;Upper middle income;2017;64,9
SSD;South Sudan;Sub-Saharan Africa;Low income;2017;32,6
ESP;Spain;High income: OECD;High income;2017;77,6
LKA;Sri Lanka;South Asia;Lower-middle income;2017;59,6
KNA;St. Kitts and Nevis;Latin America & Caribbean;High income;2017;54
LCA;St. Lucia;Latin America & Caribbean;Upper middle income;2017;63,5
VCT;St. Vincent and the Grenadines;Latin America & Caribbean;Upper middle income;2017;57
SDN;Sudan;Sub-Saharan Africa;Low income;2017;44,7
SUR;Suriname;Latin America & Caribbean;Upper middle income;2017;47,5
SWE;Sweden;High income: OECD;High income;2017;82,2
CHE;Switzerland;High income: OECD;High income;2017;76,1
SYR;Syrian Arab Republic;Middle East & North Africa;Low income;2017;41,5
TWN;Taiwan China;East Asia & Pacific;High income;2017;79,7
TJK;Tajikistan;Europe & Central Asia;Low income;2017;53,4
TZA;Tanzania;Sub-Saharan Africa;Lower-middle income;2017;54,1
THA;Thailand;East Asia & Pacific;Upper middle income;2017;73,2
TLS;Timor-Leste;East Asia & Pacific;Lower middle income;2017;38,7
TGO;Togo;Sub-Saharan Africa;Low income;2017;47,8
TON;Tonga;East Asia & Pacific;Upper middle income;2017;61,1
TTO;Trinidad and Tobago;Latin America & Caribbean;High income;2017;60,9
TUN;Tunisia;Middle East & North Africa;Lower middle income;2017;65
TUR;Turkey;Europe & Central Asia;Upper middle income;2017;69,4
UGA;Uganda;Sub-Saharan Africa;Low income;2017;57,4
UKR;Ukraine;Europe & Central Asia;Lower middle income;2017;66,1
ARE;United Arab Emirates;Middle East & North Africa;High income;2017;77,4
GBR;United Kingdom;High income: OECD;High income;2017;83,3
USA;United States;High income: OECD;High income;2017;83,7
USA_2Los;United States Los Angeles;High income: OECD;High income;2017;81,7
USA_1New;United States New York City;High income: OECD;High income;2017;85
URY;Uruguay;Latin America & Caribbean;High income;2017;60,5
UZB;Uzbekistan;Europe & Central Asia;Lower middle income;2017;62,4
VUT;Vanuatu;East Asia & Pacific;Lower middle income;2017;60,9
VEN;Venezuela RB;Latin America & Caribbean;Upper middle income;2017;31,1
VNM;Vietnam;East Asia & Pacific;Lower middle income;2017;65,3
WBG;West Bank and Gaza;Middle East & North Africa;Lower middle income;2017;55,5
YEM;Yemen Rep.;Middle East & North Africa;Low income;2017;31,2
ZMB;Zambia;Sub-Saharan Africa;Lower middle income;2017;60,1
ZWE;Zimbabwe;Sub-Saharan Africa;Lower middle income;2017;48,1
