﻿iso3;name_en;name_fr;name_native
AFG;Afghanistan;Afghanistan;افغانستان
ZAF;South Africa;Afrique du Sud;South Africa
ALB;Albania;Albanie;Shqipëria
DZA;Algeria;Algérie;الجزائر
DEU;Germany;Allemagne;Deutschland
AND;Andorra;Andorre;Andorra
AGO;Angola;Angola;Angola
ATG;Antigua and Barbuda;Antigua-et-Barbuda;Antigua and Barbuda
SAU;Saudi Arabia;Arabie Saoudite;العربية السعودية
ARG;Argentina;Argentine;Argentina
ARM;Armenia;Arménie;Հայաստան
ABW;Aruba;Aruba;Aruba
AUS;Australia;Australie;Australia
AUT;Austria;Autriche;Österreich
AZE;Azerbaijan;Azerbaïdjan;Azərbaycan
BHS;Bahamas;Bahamas;Bahamas
BHR;Bahrain;Bahreïn;‏البحرين
BGD;Bangladesh;Bangladesh;Bangladesh
BRB;Barbados;Barbade;Barbados
BEL;Belgium;Belgique;België
BLZ;Belize;Belize;Belize
BEN;Benin;Bénin;Bénin
BMU;Bermuda;Bermudes;Bermuda
BTN;Bhutan;Bhoutan;ʼbrug-yul
BLR;Belarus;Biélorussie;Белару́сь
MMR;Myanmar;Birmanie;Myanma
BOL;Bolivia (Plurinational State of);Bolivie;Bolivia
BIH;Bosnia and Herzegovina;Bosnie-Herzégovine;Bosna i Hercegovina
BWA;Botswana;Botswana;Botswana
BRA;Brazil;Brésil;Brasil
BRN;Brunei Darussalam;Brunei;Negara Brunei Darussalam
BGR;Bulgaria;Bulgarie;България
BFA;Burkina Faso;Burkina Faso;Burkina Faso
BDI;Burundi;Burundi;Burundi
KHM;Cambodia;Cambodge;Kâmpŭchéa
CMR;Cameroon;Cameroun;Cameroon
CAN;Canada;Canada;Canada
CPV;Cabo Verde;Cap Vert;Cabo Verde
CHL;Chile;Chili;Chile
CHN;China;Chine;中国
CYP;Cyprus;Chypre;Κύπρος
COL;Colombia;Colombie;Colombia
COM;Comoros;Comores;Komori
COG;Congo;Congo;République du Congo
COD;Congo (Democratic Republic of the);Congo (Rép. dém.);République démocratique du Congo
PRK;Korea (Democratic Peoples Republic of);Corée du Nord;북한
KOR;Korea (Republic of);Corée du Sud;대한민국
CRI;Costa Rica;Costa Rica;Costa Rica
CIV;Côte dIvoire;Côte dIvoire;Côte dIvoire
HRV;Croatia;Croatie;Hrvatska
CUB;Cuba;Cuba;Cuba
CUW;Curaçao;Curaçao;Curaçao
DNK;Denmark;Danemark;Danmark
DJI;Djibouti;Djibouti;Djibouti
DMA;Dominica;Dominique;Dominica
EGY;Egypt;Égypte;مصر‎
ARE;United Arab Emirates;Émirats arabes unis;دولة الإمارات العربية المتحدة
ECU;Ecuador;Équateur;Ecuador
ERI;Eritrea;Erythrée;ኤርትራ
ESP;Spain;Espagne;España
EST;Estonia;Estonie;Eesti
SWZ;Swaziland;Eswatini;Swaziland
USA;United States of America;États-Unis;United States
ETH;Ethiopia;Éthiopie;ኢትዮጵያ
FJI;Fiji;Fidji;Fiji
FIN;Finland;Finlande;Suomi
FRA;France;France;France
GAB;Gabon;Gabon;Gabon
GMB;Gambia;Gambie;Gambia
GEO;Georgia;Géorgie;საქართველო
GHA;Ghana;Ghana;Ghana
GIB;Gibraltar;Gibraltar;Gibraltar
GRC;Greece;Grèce;Ελλάδα
GRD;Grenada;Grenade;Grenada
GRL;Greenland;Groenland;Kalaallit Nunaat
GUM;Guam;Guam;Guam
GTM;Guatemala;Guatemala;Guatemala
GIN;Guinea;Guinée;Guinée
GNB;Guinea-Bissau;Guinée-Bissau;Guiné-Bissau
GNQ;Equatorial Guinea;Guinée-Équatoriale;Guinea Ecuatorial
GUY;Guyana;Guyana;Guyana
HTI;Haiti;Haïti;Haïti
HND;Honduras;Honduras;Honduras
HKG;Hong Kong;Hong Kong (Chine);香港
HUN;Hungary;Hongrie;Magyarország
IMN;Isle of Man;Île de Man;Isle of Man
MUS;Mauritius;Ile Maurice;Maurice
CYM;Cayman Islands;Îles Caïmans;Cayman Islands
FRO;Faroe Islands;Îles Féroé;Føroyar
MNP;Northern Mariana Islands;Îles Mariannes du Nord;Northern Mariana Islands
MHL;Marshall Islands;Îles Marshall;M̧ajeļ
SLB;Solomon Islands;Îles Salomon;Solomon Islands
TCA;Turks and Caicos Islands;Îles Turques-et-Caïques;Turks and Caicos Islands
VGB;Virgin Islands (British);Îles Vierges britanniques;British Virgin Islands
IND;India;Inde;भारत
IDN;Indonesia;Indonésie;Indonesia
IRQ;Iraq;Irak;العراق
IRN;Iran (Islamic Republic of);Iran;ایران
IRL;Ireland;Irlande;Éire
ISL;Iceland;Islande;Ísland
ISR;Israel;Israël;יִשְׂרָאֵל
ITA;Italy;Italie;Italia
JAM;Jamaica;Jamaïque;Jamaica
JPN;Japan;Japon;日本
JOR;Jordan;Jordanie;الأردن
KAZ;Kazakhstan;Kazakhstan;Қазақстан
KEN;Kenya;Kenya;Kenya
KGZ;Kyrgyzstan;Kirghizistan;Кыргызстан
KIR;Kiribati;Kiribati;Kiribati
KOS;Republic of Kosovo;Kosovo;Republika e Kosovës
KWT;Kuwait;Koweït;الكويت
LAO;Lao Peoples Democratic Republic;Laos;ສປປລາວ
LSO;Lesotho;Lesotho;Lesotho
LVA;Latvia;Lettonie;Latvija
LBN;Lebanon;Liban;لبنان
LBR;Liberia;Liberia;Liberia
LBY;Libya;Libye;‏ليبيا
LIE;Liechtenstein;Liechtenstein;Liechtenstein
LTU;Lithuania;Lituanie;Lietuva
LUX;Luxembourg;Luxembourg;Luxembourg
MAC;Macao;Macao (Chine);澳門
MKD;Macedonia (the former Yugoslav Republic of);Macédoine du Nord;Македонија
MDG;Madagascar;Madagascar;Madagasikara
MYS;Malaysia;Malaisie;Malaysia
MWI;Malawi;Malawi;Malawi
MDV;Maldives;Maldives;Maldives
MLI;Mali;Mali;Mali
MLT;Malta;Malte;Malta
MAR;Morocco;Maroc;المغرب
MRT;Mauritania;Mauritanie;موريتانيا
MEX;Mexico;Mexique;México
FSM;Micronesia (Federated States of);Micronésie;Micronesia
MDA;Moldova (Republic of);Moldavie;Moldova
MCO;Monaco;Monaco;Monaco
MNG;Mongolia;Mongolie;Монгол улс
MNE;Montenegro;Monténégro;Црна Гора
MOZ;Mozambique;Mozambique;Moçambique
NAM;Namibia;Namibie;Namibia
NRU;Nauru;Nauru;Nauru
NPL;Nepal;Népal;नेपाल
NIC;Nicaragua;Nicaragua;Nicaragua
NER;Niger;Niger;Niger
NGA;Nigeria;Nigéria;Nigeria
NOR;Norway;Norvège;Norge
NCL;New Caledonia;Nouvelle-Calédonie;Kanaky
NZL;New Zealand;Nouvelle-Zélande;New Zealand
OMN;Oman;Oman;عمان
UGA;Uganda;Ouganda;Uganda
UZB;Uzbekistan;Ouzbékistan;O‘zbekiston
PAK;Pakistan;Pakistan;Pakistan
PLW;Palau;Palaos;Palau
PAN;Panama;Panama;Panamá
PNG;Papua New Guinea;Papouasie-Nouvelle-Guinée;Papua Niugini
PRY;Paraguay;Paraguay;Paraguay
NLD;Netherlands;Pays-Bas;Nederland
PER;Peru;Pérou;Perú
PHL;Philippines;Philippines;Pilipinas
POL;Poland;Pologne;Polska
PYF;French Polynesia;Polynésie française;Pōrīnetia Farāni
PRI;Puerto Rico;Porto Rico;Puerto Rico
PRT;Portugal;Portugal;Portugal
QAT;Qatar;Qatar;قطر
CA-QC;Quebec;Québec;Québec
CAF;Central African Republic;République centrafricaine;Ködörösêse tî Bêafrîka
DOM;Dominican Republic;République dominicaine;República Dominicana
CZE;Czech Republic;République tchèque;Česká republika
ROU;Romania;Roumanie;România
GBR;United Kingdom of Great Britain and Northern Ireland;Royaume-Uni;United Kingdom
RUS;Russian Federation;Russie;Россия
RWA;Rwanda;Rwanda;Rwanda
SXM;Sint Maarten (Dutch part);Saint Martin (partie néerlandaise);Sint Maarten
KNA;Saint Kitts and Nevis;Saint-Christophe-et-Niévès;Saint Kitts and Nevis
LCA;Saint Lucia;Sainte-Lucie;Saint Lucia
SMR;San Marino;Saint-Marin;San Marino
MAF;Saint Martin (French part);Saint-Martin (partie française);Saint-Martin
VCT;Saint Vincent and the Grenadines;Saint-Vincent-et-les Grenadines;Saint Vincent and the Grenadines
SLV;El Salvador;Salvador;El Salvador
WSM;Samoa;Samoa;Samoa
ASM;American Samoa;Samoa américaines;American Samoa
STP;Sao Tome and Principe;Sao Tomé-et-Principe;São Tomé e Príncipe
SEN;Senegal;Sénégal;Sénégal
SRB;Serbia;Serbie;Србија
SYC;Seychelles;Seychelles;Seychelles
SLE;Sierra Leone;Sierra Leone;Sierra Leone
SGP;Singapore;Singapour;Singapore
SVK;Slovakia;Slovaquie;Slovensko
SVN;Slovenia;Slovénie;Slovenija
SOM;Somalia;Somalie;Soomaaliya
SDN;Sudan;Soudan;السودان
SSD;South Sudan;Soudan du Sud;South Sudan
LKA;Sri Lanka;Sri Lanka;śrī laṃkāva
SWE;Sweden;Suède;Sverige
CHE;Switzerland;Suisse;Schweiz
SUR;Suriname;Suriname;Suriname
SYR;Syrian Arab Republic;Syrie;سوريا
TJK;Tajikistan;Tadjikistan;Тоҷикистон
TWN;Taiwan;Taïwan;臺灣
TZA;Tanzania United Republic of;Tanzanie;Tanzania
TCD;Chad;Tchad;Tchad
PSE;Palestine State of;Territoires palestiniens;فلسطين
THA;Thailand;Thaïlande;ประเทศไทย
TLS;Timor-Leste;Timor oriental;Timor-Leste
TGO;Togo;Togo;Togo
TON;Tonga;Tonga;Tonga
TTO;Trinidad and Tobago;Trinité et Tobago;Trinidad and Tobago
TUN;Tunisia;Tunisie;تونس
TKM;Turkmenistan;Turkménistan;Türkmenistan
TUR;Turkey;Turquie;Türkiye
TUV;Tuvalu;Tuvalu;Tuvalu
UKR;Ukraine;Ukraine;Україна
URY;Uruguay;Uruguay;Uruguay
VUT;Vanuatu;Vanuatu;Vanuatu
VAT;Vatican City;Vatican;Vaticano
VEN;Venezuela (Bolivarian Republic of);Venezuela;Venezuela
VNM;Viet Nam;Viêt Nam;Việt Nam
YEM;Yemen;Yémen;اليَمَن
ZMB;Zambia;Zambie;Zambia
ZWE;Zimbabwe;Zimbabwe;Zimbabwe
