﻿Country Name;Country Code;Indicator Name;Indicator Code;2017
Aruba;ABW;PIB par habitant ($ US courants);NY.GDP.PCAP.CD;29329.0817465959
;AFE;PIB par habitant ($ US courants);NY.GDP.PCAP.CD;1485.7535786147
Afghanistan;AFG;PIB par habitant ($ US courants);NY.GDP.PCAP.CD;526.140801025756
;AFW;PIB par habitant ($ US courants);NY.GDP.PCAP.CD;1590.5557849502
Angola;AGO;PIB par habitant ($ US courants);NY.GDP.PCAP.CD;2439.37443934002
Albanie;ALB;PIB par habitant ($ US courants);NY.GDP.PCAP.CD;4531.03220675893
Andorre;AND;PIB par habitant ($ US courants);NY.GDP.PCAP.CD;40632.2315521995
Le monde arabe;ARB;PIB par habitant ($ US courants);NY.GDP.PCAP.CD;6068.60300810317
Émirats arabes unis;ARE;PIB par habitant ($ US courants);NY.GDP.PCAP.CD;43063.9674785596
Argentine;ARG;PIB par habitant ($ US courants);NY.GDP.PCAP.CD;14613.0356486571
Arménie;ARM;PIB par habitant ($ US courants);NY.GDP.PCAP.CD;4041.99507105058
Samoa américaines;ASM;PIB par habitant ($ US courants);NY.GDP.PCAP.CD;12372.8847825647
Antigua-et-Barbuda;ATG;PIB par habitant ($ US courants);NY.GDP.PCAP.CD;16803.8702340001
Australie;AUS;PIB par habitant ($ US courants);NY.GDP.PCAP.CD;53954.553494614
Autriche;AUT;PIB par habitant ($ US courants);NY.GDP.PCAP.CD;47429.1584564387
Azerbaïdjan;AZE;PIB par habitant ($ US courants);NY.GDP.PCAP.CD;4147.1981423222
Burundi;BDI;PIB par habitant ($ US courants);NY.GDP.PCAP.CD;244.14542219677
Belgique;BEL;PIB par habitant ($ US courants);NY.GDP.PCAP.CD;44198.4823908691
Bénin;BEN;PIB par habitant ($ US courants);NY.GDP.PCAP.CD;1095.27445827386
Burkina Faso;BFA;PIB par habitant ($ US courants);NY.GDP.PCAP.CD;711.184543433623
Bangladesh;BGD;PIB par habitant ($ US courants);NY.GDP.PCAP.CD;1815.47222007199
Bulgarie;BGR;PIB par habitant ($ US courants);NY.GDP.PCAP.CD;8381.88134621669
Bahreïn;BHR;PIB par habitant ($ US courants);NY.GDP.PCAP.CD;24315.4975906804
Bahamas;BHS;PIB par habitant ($ US courants);NY.GDP.PCAP.CD;30666.8838654704
Bosnie-Herzégovine;BIH;PIB par habitant ($ US courants);NY.GDP.PCAP.CD;5327.39230422044
Bélarus;BLR;PIB par habitant ($ US courants);NY.GDP.PCAP.CD;5785.53397723676
Belize;BLZ;PIB par habitant ($ US courants);NY.GDP.PCAP.CD;6049.3919477765
Bermudes;BMU;PIB par habitant ($ US courants);NY.GDP.PCAP.CD;111820.581466347
Bolivie;BOL;PIB par habitant ($ US courants);NY.GDP.PCAP.CD;3280.0082139387
Brésil;BRA;PIB par habitant ($ US courants);NY.GDP.PCAP.CD;9896.71889500528
Barbade;BRB;PIB par habitant ($ US courants);NY.GDP.PCAP.CD;17910.7830952014
Brunéi Darussalam;BRN;PIB par habitant ($ US courants);NY.GDP.PCAP.CD;28186.9867351423
Bhoutan;BTN;PIB par habitant ($ US courants);NY.GDP.PCAP.CD;3427.17384540098
Botswana;BWA;PIB par habitant ($ US courants);NY.GDP.PCAP.CD;6705.34084567283
République centrafricaine;CAF;PIB par habitant ($ US courants);NY.GDP.PCAP.CD;414.74032227842
Canada;CAN;PIB par habitant ($ US courants);NY.GDP.PCAP.CD;45129.628116623
Europe centrale et les pays baltes;CEB;PIB par habitant ($ US courants);NY.GDP.PCAP.CD;14225.8773247545
Suisse;CHE;PIB par habitant ($ US courants);NY.GDP.PCAP.CD;82254.3769269767
Îles Anglo-Normandes;CHI;PIB par habitant ($ US courants);NY.GDP.PCAP.CD;54904.0996682551
Chili;CHL;PIB par habitant ($ US courants);NY.GDP.PCAP.CD;15034.0584350711
Chine;CHN;PIB par habitant ($ US courants);NY.GDP.PCAP.CD;8817.04560829162
Côte d'Ivoire;CIV;PIB par habitant ($ US courants);NY.GDP.PCAP.CD;2113.34152379369
Cameroun;CMR;PIB par habitant ($ US courants);NY.GDP.PCAP.CD;1479.86222292144
Congo République démocratique du;COD;PIB par habitant ($ US courants);NY.GDP.PCAP.CD;451.089088517319
Congo République du;COG;PIB par habitant ($ US courants);NY.GDP.PCAP.CD;2227.7326089376
Colombie;COL;PIB par habitant ($ US courants);NY.GDP.PCAP.CD;6449.97098770131
Comores;COM;PIB par habitant ($ US courants);NY.GDP.PCAP.CD;1414.58668992431
Cabo Verde;CPV;PIB par habitant ($ US courants);NY.GDP.PCAP.CD;3534.34357478817
Costa Rica;CRI;PIB par habitant ($ US courants);NY.GDP.PCAP.CD;12118.1336248174
Petits états des Caraïbes;CSS;PIB par habitant ($ US courants);NY.GDP.PCAP.CD;11576.2769685123
Cuba;CUB;PIB par habitant ($ US courants);NY.GDP.PCAP.CD;8543.33006731328
Curacao;CUW;PIB par habitant ($ US courants);NY.GDP.PCAP.CD;18938.2440469703
Îles Caïmans;CYM;PIB par habitant ($ US courants);NY.GDP.PCAP.CD;81255.1122691866
Chypre;CYP;PIB par habitant ($ US courants);NY.GDP.PCAP.CD;26697.005859375
République tchèque;CZE;PIB par habitant ($ US courants);NY.GDP.PCAP.CD;20636.199952435
Allemagne;DEU;PIB par habitant ($ US courants);NY.GDP.PCAP.CD;44652.5891722719
Djibouti;DJI;PIB par habitant ($ US courants);NY.GDP.PCAP.CD;2655.73321960188
Dominique;DMA;PIB par habitant ($ US courants);NY.GDP.PCAP.CD;7408.09130082314
Danemark;DNK;PIB par habitant ($ US courants);NY.GDP.PCAP.CD;57610.0981801135
République dominicaine;DOM;PIB par habitant ($ US courants);NY.GDP.PCAP.CD;7513.49798180543
Algérie;DZA;PIB par habitant ($ US courants);NY.GDP.PCAP.CD;4615.86874364885
Asie de l’Est et Pacifique (hors revenu élevé);EAP;PIB par habitant ($ US courants);NY.GDP.PCAP.CD;7151.27470673284
de dividende précoce démographique;EAR;PIB par habitant ($ US courants);NY.GDP.PCAP.CD;3504.86445468793
Asie de l’Est et Pacifique;EAS;PIB par habitant ($ US courants);NY.GDP.PCAP.CD;10454.5358035249
Europe et Asie centrale (hors revenu élevé);ECA;PIB par habitant ($ US courants);NY.GDP.PCAP.CD;6111.39433717826
Europe et Asie centrale;ECS;PIB par habitant ($ US courants);NY.GDP.PCAP.CD;23670.8127114864
Équateur;ECU;PIB par habitant ($ US courants);NY.GDP.PCAP.CD;6256.68301935971
Égypte République arabe d’;EGY;PIB par habitant ($ US courants);NY.GDP.PCAP.CD;2439.96728439968
Zone euro;EMU;PIB par habitant ($ US courants);NY.GDP.PCAP.CD;36878.9370566652
Érythrée;ERI;PIB par habitant ($ US courants);NY.GDP.PCAP.CD;
Espagne;ESP;PIB par habitant ($ US courants);NY.GDP.PCAP.CD;28185.3213671969
Estonie;EST;PIB par habitant ($ US courants);NY.GDP.PCAP.CD;20437.765376736
Éthiopie;ETH;PIB par habitant ($ US courants);NY.GDP.PCAP.CD;755.752644348666
Union européenne;EUU;PIB par habitant ($ US courants);NY.GDP.PCAP.CD;33091.3890251906
Fragile et les situations de conflit touchées;FCS;PIB par habitant ($ US courants);NY.GDP.PCAP.CD;1690.94404160881
Finlande;FIN;PIB par habitant ($ US courants);NY.GDP.PCAP.CD;46412.1364777169
Fidji;FJI;PIB par habitant ($ US courants);NY.GDP.PCAP.CD;5825.19966886254
France;FRA;PIB par habitant ($ US courants);NY.GDP.PCAP.CD;38781.0494870836
Îles Féroé;FRO;PIB par habitant ($ US courants);NY.GDP.PCAP.CD;59328.2376643374
Micronésie États fédérés de;FSM;PIB par habitant ($ US courants);NY.GDP.PCAP.CD;3250.9281898035
Gabon;GAB;PIB par habitant ($ US courants);NY.GDP.PCAP.CD;6975.69519191402
Royaume-Uni;GBR;PIB par habitant ($ US courants);NY.GDP.PCAP.CD;40572.1214823783
Géorgie;GEO;PIB par habitant ($ US courants);NY.GDP.PCAP.CD;4418.75206546679
Ghana;GHA;PIB par habitant ($ US courants);NY.GDP.PCAP.CD;1998.72279840363
Gibraltar;GIB;PIB par habitant ($ US courants);NY.GDP.PCAP.CD;
Guinée;GIN;PIB par habitant ($ US courants);NY.GDP.PCAP.CD;843.464279230956
Gambie;GMB;PIB par habitant ($ US courants);NY.GDP.PCAP.CD;632.001024153219
Guinée-Bissau;GNB;PIB par habitant ($ US courants);NY.GDP.PCAP.CD;781.975888258504
Guinée équatoriale;GNQ;PIB par habitant ($ US courants);NY.GDP.PCAP.CD;8410.39797433692
Grèce;GRC;PIB par habitant ($ US courants);NY.GDP.PCAP.CD;18582.0893411631
Grenade;GRD;PIB par habitant ($ US courants);NY.GDP.PCAP.CD;9309.26129609568
Groenland;GRL;PIB par habitant ($ US courants);NY.GDP.PCAP.CD;50765.7494665372
Guatemala;GTM;PIB par habitant ($ US courants);NY.GDP.PCAP.CD;4454.02450948165
Guam;GUM;PIB par habitant ($ US courants);NY.GDP.PCAP.CD;35663.0250406273
Guyana;GUY;PIB par habitant ($ US courants);NY.GDP.PCAP.CD;6220.97856820609
Revenu élevé;HIC;PIB par habitant ($ US courants);NY.GDP.PCAP.CD;38707.9315420479
Chine RAS de Hong Kong;HKG;PIB par habitant ($ US courants);NY.GDP.PCAP.CD;46160.429791493
Honduras;HND;PIB par habitant ($ US courants);NY.GDP.PCAP.CD;2403.30608839303
Pays pauvres très endettés (PPTE);HPC;PIB par habitant ($ US courants);NY.GDP.PCAP.CD;940.767399878295
Croatie;HRV;PIB par habitant ($ US courants);NY.GDP.PCAP.CD;13655.4798216229
Haïti;HTI;PIB par habitant ($ US courants);NY.GDP.PCAP.CD;1389.35862463561
Hongrie;HUN;PIB par habitant ($ US courants);NY.GDP.PCAP.CD;14621.2395956755
BIRD seulement;IBD;PIB par habitant ($ US courants);NY.GDP.PCAP.CD;6048.21917294317
BIRD et IDA;IBT;PIB par habitant ($ US courants);NY.GDP.PCAP.CD;4837.06302141945
IDA totale;IDA;PIB par habitant ($ US courants);NY.GDP.PCAP.CD;1344.21682075242
IDA mélange;IDB;PIB par habitant ($ US courants);NY.GDP.PCAP.CD;1760.54249485162
Indonésie;IDN;PIB par habitant ($ US courants);NY.GDP.PCAP.CD;3839.78507460491
IDA seulement;IDX;PIB par habitant ($ US courants);NY.GDP.PCAP.CD;1135.9391535687
Île de Man;IMN;PIB par habitant ($ US courants);NY.GDP.PCAP.CD;83510.2696040057
Inde;IND;PIB par habitant ($ US courants);NY.GDP.PCAP.CD;1957.96981331058
Non classifié;INX;PIB par habitant ($ US courants);NY.GDP.PCAP.CD;
Irlande;IRL;PIB par habitant ($ US courants);NY.GDP.PCAP.CD;70150.7370157965
Iran République islamique d’;IRN;PIB par habitant ($ US courants);NY.GDP.PCAP.CD;5758.59072766807
Iraq;IRQ;PIB par habitant ($ US courants);NY.GDP.PCAP.CD;4725.19357334032
Islande;ISL;PIB par habitant ($ US courants);NY.GDP.PCAP.CD;72010.1490316258
Israël;ISR;PIB par habitant ($ US courants);NY.GDP.PCAP.CD;41114.7817082553
Italie;ITA;PIB par habitant ($ US courants);NY.GDP.PCAP.CD;32406.7203150134
Jamaïque;JAM;PIB par habitant ($ US courants);NY.GDP.PCAP.CD;5273.1490130852
Jordanie;JOR;PIB par habitant ($ US courants);NY.GDP.PCAP.CD;4073.11640314668
Japon;JPN;PIB par habitant ($ US courants);NY.GDP.PCAP.CD;38834.0529341227
Kazakhstan;KAZ;PIB par habitant ($ US courants);NY.GDP.PCAP.CD;9247.58067886159
Kenya;KEN;PIB par habitant ($ US courants);NY.GDP.PCAP.CD;1675.98842173012
République kirghize;KGZ;PIB par habitant ($ US courants);NY.GDP.PCAP.CD;1242.77022029305
Cambodge;KHM;PIB par habitant ($ US courants);NY.GDP.PCAP.CD;1400.89926522987
Kiribati;KIR;PIB par habitant ($ US courants);NY.GDP.PCAP.CD;1852.99234427752
Saint-Kitts-et-Nevis;KNA;PIB par habitant ($ US courants);NY.GDP.PCAP.CD;22119.4470603281
Corée République de;KOR;PIB par habitant ($ US courants);NY.GDP.PCAP.CD;31600.7358741365
Koweït;KWT;PIB par habitant ($ US courants);NY.GDP.PCAP.CD;29258.266295535
Amérique latine et Caraïbes (hors revenu élevé);LAC;PIB par habitant ($ US courants);NY.GDP.PCAP.CD;8788.65434317749
République démocratique populaire lao;LAO;PIB par habitant ($ US courants);NY.GDP.PCAP.CD;2439.46241167184
Liban;LBN;PIB par habitant ($ US courants);NY.GDP.PCAP.CD;8679.89742212366
Libéria;LBR;PIB par habitant ($ US courants);NY.GDP.PCAP.CD;706.892691974846
Libye;LBY;PIB par habitant ($ US courants);NY.GDP.PCAP.CD;10529.1163503303
Sainte-Lucie;LCA;PIB par habitant ($ US courants);NY.GDP.PCAP.CD;11280.5930341194
Amérique latine et Caraïbes;LCN;PIB par habitant ($ US courants);NY.GDP.PCAP.CD;9256.11626423804
Pays les moins avancés: classement de l’ONU;LDC;PIB par habitant ($ US courants);NY.GDP.PCAP.CD;1026.5687075244
Faible revenu;LIC;PIB par habitant ($ US courants);NY.GDP.PCAP.CD;654.651268016387
Liechtenstein;LIE;PIB par habitant ($ US courants);NY.GDP.PCAP.CD;170875.682067431
Sri Lanka;LKA;PIB par habitant ($ US courants);NY.GDP.PCAP.CD;4388.20190593728
Revenu intermédiaire tranche inférieure;LMC;PIB par habitant ($ US courants);NY.GDP.PCAP.CD;2018.06133276216
Revenu faible et intermédiaire;LMY;PIB par habitant ($ US courants);NY.GDP.PCAP.CD;4528.2851864622
Lesotho;LSO;PIB par habitant ($ US courants);NY.GDP.PCAP.CD;1062.71243340258
de dividende tardif démographique;LTE;PIB par habitant ($ US courants);NY.GDP.PCAP.CD;9020.04276617454
Lituanie;LTU;PIB par habitant ($ US courants);NY.GDP.PCAP.CD;16885.4073948373
Luxembourg;LUX;PIB par habitant ($ US courants);NY.GDP.PCAP.CD;110193.213797228
Lettonie;LVA;PIB par habitant ($ US courants);NY.GDP.PCAP.CD;15695.1151541059
Région administrative spéciale de Macao Chine;MAC;PIB par habitant ($ US courants);NY.GDP.PCAP.CD;78896.2747485132
Saint-Martin (fr);MAF;PIB par habitant ($ US courants);NY.GDP.PCAP.CD;
Maroc;MAR;PIB par habitant ($ US courants);NY.GDP.PCAP.CD;3288.50268554688
Monaco;MCO;PIB par habitant ($ US courants);NY.GDP.PCAP.CD;173611.687859934
Moldova;MDA;PIB par habitant ($ US courants);NY.GDP.PCAP.CD;3453.26727720294
Madagascar;MDG;PIB par habitant ($ US courants);NY.GDP.PCAP.CD;503.498058680237
Maldives;MDV;PIB par habitant ($ US courants);NY.GDP.PCAP.CD;10194.746141387
Afrique du Nord et Moyen-Orient;MEA;PIB par habitant ($ US courants);NY.GDP.PCAP.CD;7380.40569942152
Mexique;MEX;PIB par habitant ($ US courants);NY.GDP.PCAP.CD;9693.33009082487
Îles Marshall;MHL;PIB par habitant ($ US courants);NY.GDP.PCAP.CD;4512.59276329667
Revenu intermédiaire;MIC;PIB par habitant ($ US courants);NY.GDP.PCAP.CD;4956.25071427331
Macédoine du Nord;MKD;PIB par habitant ($ US courants);NY.GDP.PCAP.CD;5955.2973863451
Mali;MLI;PIB par habitant ($ US courants);NY.GDP.PCAP.CD;795.682801553765
Malte;MLT;PIB par habitant ($ US courants);NY.GDP.PCAP.CD;28813.1853396512
Myanmar;MMR;PIB par habitant ($ US courants);NY.GDP.PCAP.CD;1263.24605485191
Afrique du Nord et Moyen-Orient (hors revenu élevé);MNA;PIB par habitant ($ US courants);NY.GDP.PCAP.CD;3821.91888653613
Monténégro;MNE;PIB par habitant ($ US courants);NY.GDP.PCAP.CD;7803.35824465203
Mongolie;MNG;PIB par habitant ($ US courants);NY.GDP.PCAP.CD;3708.24822134669
Mariannes;MNP;PIB par habitant ($ US courants);NY.GDP.PCAP.CD;30751.6410731534
Mozambique;MOZ;PIB par habitant ($ US courants);NY.GDP.PCAP.CD;464.294721264472
Mauritanie;MRT;PIB par habitant ($ US courants);NY.GDP.PCAP.CD;1634.64215833074
Maurice;MUS;PIB par habitant ($ US courants);NY.GDP.PCAP.CD;10841.6847754844
Malawi;MWI;PIB par habitant ($ US courants);NY.GDP.PCAP.CD;500.165547203323
Malaisie;MYS;PIB par habitant ($ US courants);NY.GDP.PCAP.CD;9979.70447282371
Amérique du Nord;NAC;PIB par habitant ($ US courants);NY.GDP.PCAP.CD;58796.4689001287
Namibie;NAM;PIB par habitant ($ US courants);NY.GDP.PCAP.CD;5453.57062341501
Nouvelle-Calédonie;NCL;PIB par habitant ($ US courants);NY.GDP.PCAP.CD;33876.3290941463
Niger;NER;PIB par habitant ($ US courants);NY.GDP.PCAP.CD;514.543398016347
Nigéria;NGA;PIB par habitant ($ US courants);NY.GDP.PCAP.CD;1941.87947889475
Nicaragua;NIC;PIB par habitant ($ US courants);NY.GDP.PCAP.CD;2127.28572022576
Pays-Bas;NLD;PIB par habitant ($ US courants);NY.GDP.PCAP.CD;48675.2223350213
Norvège;NOR;PIB par habitant ($ US courants);NY.GDP.PCAP.CD;76131.8384032764
Népal;NPL;PIB par habitant ($ US courants);NY.GDP.PCAP.CD;1027.96547660189
Nauru;NRU;PIB par habitant ($ US courants);NY.GDP.PCAP.CD;9361.03739658919
Nouvelle-Zélande;NZL;PIB par habitant ($ US courants);NY.GDP.PCAP.CD;42913.186956185
Pays membres de l'OCDE;OED;PIB par habitant ($ US courants);NY.GDP.PCAP.CD;37576.6175060967
Oman;OMN;PIB par habitant ($ US courants);NY.GDP.PCAP.CD;17802.5751178049
Autres petits états;OSS;PIB par habitant ($ US courants);NY.GDP.PCAP.CD;13168.3078074236
Pakistan;PAK;PIB par habitant ($ US courants);NY.GDP.PCAP.CD;1567.6406123353
Panama;PAN;PIB par habitant ($ US courants);NY.GDP.PCAP.CD;15185.9724813803
Pérou;PER;PIB par habitant ($ US courants);NY.GDP.PCAP.CD;6676.30879274916
Philippines;PHL;PIB par habitant ($ US courants);NY.GDP.PCAP.CD;3077.43441889625
Palaos;PLW;PIB par habitant ($ US courants);NY.GDP.PCAP.CD;16389.8505443828
Papouasie-Nouvelle-Guinée;PNG;PIB par habitant ($ US courants);NY.GDP.PCAP.CD;2495.14077312932
Pologne;POL;PIB par habitant ($ US courants);NY.GDP.PCAP.CD;13815.501164767
de Pré-dividende démographique;PRE;PIB par habitant ($ US courants);NY.GDP.PCAP.CD;1340.65197800485
Porto Rico;PRI;PIB par habitant ($ US courants);NY.GDP.PCAP.CD;31108.7527508912
Corée République démocratique de;PRK;PIB par habitant ($ US courants);NY.GDP.PCAP.CD;
Portugal;PRT;PIB par habitant ($ US courants);NY.GDP.PCAP.CD;21490.429863104
Paraguay;PRY;PIB par habitant ($ US courants);NY.GDP.PCAP.CD;6136.0583014952
Cisjordanie et Gaza;PSE;PIB par habitant ($ US courants);NY.GDP.PCAP.CD;3620.36048715937
Petits états insulaires du Pacifique;PSS;PIB par habitant ($ US courants);NY.GDP.PCAP.CD;4142.26772455685
de Post-dividende démographique;PST;PIB par habitant ($ US courants);NY.GDP.PCAP.CD;43088.4274179433
Polynésie française;PYF;PIB par habitant ($ US courants);NY.GDP.PCAP.CD;19743.9590211525
Qatar;QAT;PIB par habitant ($ US courants);NY.GDP.PCAP.CD;59407.6980498883
Roumanie;ROU;PIB par habitant ($ US courants);NY.GDP.PCAP.CD;10727.9708633184
Fédération de Russie;RUS;PIB par habitant ($ US courants);NY.GDP.PCAP.CD;10658.9130859375
Rwanda;RWA;PIB par habitant ($ US courants);NY.GDP.PCAP.CD;756.547641107379
Asie du Sud;SAS;PIB par habitant ($ US courants);NY.GDP.PCAP.CD;1887.87828259142
Arabie saoudite;SAU;PIB par habitant ($ US courants);NY.GDP.PCAP.CD;20910.4821334146
Soudan;SDN;PIB par habitant ($ US courants);NY.GDP.PCAP.CD;1014.84246826172
Sénégal;SEN;PIB par habitant ($ US courants);NY.GDP.PCAP.CD;1385.1992136057
Singapour;SGP;PIB par habitant ($ US courants);NY.GDP.PCAP.CD;61162.0973932771
Îles Salomon;SLB;PIB par habitant ($ US courants);NY.GDP.PCAP.CD;2283.57905127379
Sierra Leone;SLE;PIB par habitant ($ US courants);NY.GDP.PCAP.CD;484.456128767591
El Salvador;SLV;PIB par habitant ($ US courants);NY.GDP.PCAP.CD;3986.04901435439
Saint-Marin;SMR;PIB par habitant ($ US courants);NY.GDP.PCAP.CD;44885.517837773
Somalie;SOM;PIB par habitant ($ US courants);NY.GDP.PCAP.CD;555.185123613069
Serbie;SRB;PIB par habitant ($ US courants);NY.GDP.PCAP.CD;6292.5465490011
Afrique subsaharienne (hors revenu élevé);SSA;PIB par habitant ($ US courants);NY.GDP.PCAP.CD;1526.78737212966
Soudan du Sud;SSD;PIB par habitant ($ US courants);NY.GDP.PCAP.CD;
Afrique subsaharienne;SSF;PIB par habitant ($ US courants);NY.GDP.PCAP.CD;1528.22459360107
Petits états;SST;PIB par habitant ($ US courants);NY.GDP.PCAP.CD;11730.8818238776
Sao Tomé-et-Principe;STP;PIB par habitant ($ US courants);NY.GDP.PCAP.CD;1547.82270967205
Suriname;SUR;PIB par habitant ($ US courants);NY.GDP.PCAP.CD;6112.88301430134
République slovaque;SVK;PIB par habitant ($ US courants);NY.GDP.PCAP.CD;17585.197002257
Slovénie;SVN;PIB par habitant ($ US courants);NY.GDP.PCAP.CD;23514.0254604147
Suède;SWE;PIB par habitant ($ US courants);NY.GDP.PCAP.CD;53791.5087298403
Eswatini;SWZ;PIB par habitant ($ US courants);NY.GDP.PCAP.CD;3824.04678338499
Sint Maarten (Dutch part);SXM;PIB par habitant ($ US courants);NY.GDP.PCAP.CD;35043.6908689636
Seychelles;SYC;PIB par habitant ($ US courants);NY.GDP.PCAP.CD;17480.3651911372
République arabe syrienne;SYR;PIB par habitant ($ US courants);NY.GDP.PCAP.CD;862.325327610986
Îles Turques-et-Caïques;TCA;PIB par habitant ($ US courants);NY.GDP.PCAP.CD;25824.2561790985
Tchad;TCD;PIB par habitant ($ US courants);NY.GDP.PCAP.CD;662.897472963315
Asie de l’Est et Pacifique (BIRD et IDA);TEA;PIB par habitant ($ US courants);NY.GDP.PCAP.CD;7231.05858273787
Europe et Asie centrale (BIRD et IDA);TEC;PIB par habitant ($ US courants);NY.GDP.PCAP.CD;8554.01109678491
Togo;TGO;PIB par habitant ($ US courants);NY.GDP.PCAP.CD;813.394787167149
Thaïlande;THA;PIB par habitant ($ US courants);NY.GDP.PCAP.CD;6436.78965986703
Tadjikistan;TJK;PIB par habitant ($ US courants);NY.GDP.PCAP.CD;844.365216932115
Turkménistan;TKM;PIB par habitant ($ US courants);NY.GDP.PCAP.CD;6354.53282979422
Amérique latine et Caraïbes (BIRD et IDA);TLA;PIB par habitant ($ US courants);NY.GDP.PCAP.CD;9110.90175054244
Timor-Leste;TLS;PIB par habitant ($ US courants);NY.GDP.PCAP.CD;1285.5239757568
Afrique du Nord et Moyen-Orient (BIRD et IDA);TMN;PIB par habitant ($ US courants);NY.GDP.PCAP.CD;3824.23813565368
Tonga;TON;PIB par habitant ($ US courants);NY.GDP.PCAP.CD;4367.25660339844
Asie du Sud (BIRD et IDA);TSA;PIB par habitant ($ US courants);NY.GDP.PCAP.CD;1887.87828259142
Afrique subsaharienne (BIRD et IDA);TSS;PIB par habitant ($ US courants);NY.GDP.PCAP.CD;1528.22459360107
Trinité-et-Tobago;TTO;PIB par habitant ($ US courants);NY.GDP.PCAP.CD;16258.7489291438
Tunisie;TUN;PIB par habitant ($ US courants);NY.GDP.PCAP.CD;3569.71883883673
Turquie;TUR;PIB par habitant ($ US courants);NY.GDP.PCAP.CD;10695.550196231
Tuvalu;TUV;PIB par habitant ($ US courants);NY.GDP.PCAP.CD;4181.43658600984
Tanzanie;TZA;PIB par habitant ($ US courants);NY.GDP.PCAP.CD;975.904663085938
Ouganda;UGA;PIB par habitant ($ US courants);NY.GDP.PCAP.CD;766.177604015442
Ukraine;UKR;PIB par habitant ($ US courants);NY.GDP.PCAP.CD;2638.32543945313
Revenu intermédiaire tranche supérieure;UMC;PIB par habitant ($ US courants);NY.GDP.PCAP.CD;7988.4308620841
Uruguay;URY;PIB par habitant ($ US courants);NY.GDP.PCAP.CD;18995.3970195554
États-Unis;USA;PIB par habitant ($ US courants);NY.GDP.PCAP.CD;60322.2614241747
Ouzbékistan;UZB;PIB par habitant ($ US courants);NY.GDP.PCAP.CD;1916.76462520814
Saint-Vincent-et-les Grenadines;VCT;PIB par habitant ($ US courants);NY.GDP.PCAP.CD;7996.67207402003
Venezuela;VEN;PIB par habitant ($ US courants);NY.GDP.PCAP.CD;
Îles Vierges britanniques;VGB;PIB par habitant ($ US courants);NY.GDP.PCAP.CD;
Îles Vierges (EU);VIR;PIB par habitant ($ US courants);NY.GDP.PCAP.CD;35365.0693039774
Viet Nam;VNM;PIB par habitant ($ US courants);NY.GDP.PCAP.CD;2992.07153198845
Vanuatu;VUT;PIB par habitant ($ US courants);NY.GDP.PCAP.CD;3032.19702965604
Monde;WLD;PIB par habitant ($ US courants);NY.GDP.PCAP.CD;10762.8045848545
Samoa;WSM;PIB par habitant ($ US courants);NY.GDP.PCAP.CD;4261.64034322214
Kosovo;XKX;PIB par habitant ($ US courants);NY.GDP.PCAP.CD;4009.3538108854
Yémen Rép. du;YEM;PIB par habitant ($ US courants);NY.GDP.PCAP.CD;893.716500927815
Afrique du Sud;ZAF;PIB par habitant ($ US courants);NY.GDP.PCAP.CD;6734.47515312493
Zambie;ZMB;PIB par habitant ($ US courants);NY.GDP.PCAP.CD;1495.75213841021
Zimbabwe;ZWE;PIB par habitant ($ US courants);NY.GDP.PCAP.CD;1192.10701198862
