Country Name;Country Code;Series Name;Series Code;2017 [YR2017]
Afghanistan;AFG;Political Stability and Absence of Violence/Terrorism: Estimate;PV.EST;-2.7949755191803
Albania;ALB;Political Stability and Absence of Violence/Terrorism: Estimate;PV.EST;0.373770743608475
Algeria;DZA;Political Stability and Absence of Violence/Terrorism: Estimate;PV.EST;-0.919614315032959
American Samoa;ASM;Political Stability and Absence of Violence/Terrorism: Estimate;PV.EST;1.18432366847992
Andorra;AND;Political Stability and Absence of Violence/Terrorism: Estimate;PV.EST;1.39288973808289
Angola;AGO;Political Stability and Absence of Violence/Terrorism: Estimate;PV.EST;-0.387895494699478
Anguilla;AIA;Political Stability and Absence of Violence/Terrorism: Estimate;PV.EST;1.35839092731476
Antigua and Barbuda;ATG;Political Stability and Absence of Violence/Terrorism: Estimate;PV.EST;0.73206090927124
Argentina;ARG;Political Stability and Absence of Violence/Terrorism: Estimate;PV.EST;0.162542164325714
Armenia;ARM;Political Stability and Absence of Violence/Terrorism: Estimate;PV.EST;-0.626211166381836
Aruba;ABW;Political Stability and Absence of Violence/Terrorism: Estimate;PV.EST;1.31384599208832
Australia;AUS;Political Stability and Absence of Violence/Terrorism: Estimate;PV.EST;0.87606406211853
Austria;AUT;Political Stability and Absence of Violence/Terrorism: Estimate;PV.EST;1.02962481975555
Azerbaijan;AZE;Political Stability and Absence of Violence/Terrorism: Estimate;PV.EST;-0.751901030540466
Bahamas The;BHS;Political Stability and Absence of Violence/Terrorism: Estimate;PV.EST;0.976762533187866
Bahrain;BHR;Political Stability and Absence of Violence/Terrorism: Estimate;PV.EST;-0.958746254444122
Bangladesh;BGD;Political Stability and Absence of Violence/Terrorism: Estimate;PV.EST;-1.25362718105316
Barbados;BRB;Political Stability and Absence of Violence/Terrorism: Estimate;PV.EST;0.952525317668915
Belarus;BLR;Political Stability and Absence of Violence/Terrorism: Estimate;PV.EST;-0.0572087056934834
Belgium;BEL;Political Stability and Absence of Violence/Terrorism: Estimate;PV.EST;0.41760727763176
Belize;BLZ;Political Stability and Absence of Violence/Terrorism: Estimate;PV.EST;0.0304041262716055
Benin;BEN;Political Stability and Absence of Violence/Terrorism: Estimate;PV.EST;0.026252493262291
Bermuda;BMU;Political Stability and Absence of Violence/Terrorism: Estimate;PV.EST;0.981490910053253
Bhutan;BTN;Political Stability and Absence of Violence/Terrorism: Estimate;PV.EST;1.1027946472168
Bolivia;BOL;Political Stability and Absence of Violence/Terrorism: Estimate;PV.EST;-0.280110895633698
Bosnia and Herzegovina;BIH;Political Stability and Absence of Violence/Terrorism: Estimate;PV.EST;-0.351469874382019
Botswana;BWA;Political Stability and Absence of Violence/Terrorism: Estimate;PV.EST;1.00929582118988
Brazil;BRA;Political Stability and Absence of Violence/Terrorism: Estimate;PV.EST;-0.479947566986084
Brunei Darussalam;BRN;Political Stability and Absence of Violence/Terrorism: Estimate;PV.EST;1.15342676639557
Bulgaria;BGR;Political Stability and Absence of Violence/Terrorism: Estimate;PV.EST;0.321379661560059
Burkina Faso;BFA;Political Stability and Absence of Violence/Terrorism: Estimate;PV.EST;-0.927885830402374
Burundi;BDI;Political Stability and Absence of Violence/Terrorism: Estimate;PV.EST;-2.00257515907288
Cabo Verde;CPV;Political Stability and Absence of Violence/Terrorism: Estimate;PV.EST;0.762865543365479
Cambodia;KHM;Political Stability and Absence of Violence/Terrorism: Estimate;PV.EST;0.0935096517205238
Cameroon;CMR;Political Stability and Absence of Violence/Terrorism: Estimate;PV.EST;-1.09150505065918
Canada;CAN;Political Stability and Absence of Violence/Terrorism: Estimate;PV.EST;1.08968114852905
Cayman Islands;CYM;Political Stability and Absence of Violence/Terrorism: Estimate;PV.EST;1.1626113653183
Central African Republic;CAF;Political Stability and Absence of Violence/Terrorism: Estimate;PV.EST;-1.99353337287903
Chad;TCD;Political Stability and Absence of Violence/Terrorism: Estimate;PV.EST;-1.28639268875122
Chile;CHL;Political Stability and Absence of Violence/Terrorism: Estimate;PV.EST;0.406281590461731
China;CHN;Political Stability and Absence of Violence/Terrorism: Estimate;PV.EST;-0.232558101415634
Colombia;COL;Political Stability and Absence of Violence/Terrorism: Estimate;PV.EST;-0.779457807540894
Comoros;COM;Political Stability and Absence of Violence/Terrorism: Estimate;PV.EST;0.0224080048501492
Congo Dem. Rep.;COD;Political Stability and Absence of Violence/Terrorism: Estimate;PV.EST;-2.33944034576416
Congo Rep.;COG;Political Stability and Absence of Violence/Terrorism: Estimate;PV.EST;-0.533614814281464
Cook Islands;COK;Political Stability and Absence of Violence/Terrorism: Estimate;PV.EST;1.116666667
Costa Rica;CRI;Political Stability and Absence of Violence/Terrorism: Estimate;PV.EST;0.597007215023041
Cote d'Ivoire;CIV;Political Stability and Absence of Violence/Terrorism: Estimate;PV.EST;-1.09111630916595
Croatia;HRV;Political Stability and Absence of Violence/Terrorism: Estimate;PV.EST;0.681905686855316
Cuba;CUB;Political Stability and Absence of Violence/Terrorism: Estimate;PV.EST;0.638511061668396
Cyprus;CYP;Political Stability and Absence of Violence/Terrorism: Estimate;PV.EST;0.530974149703979
Czechia;CZE;Political Stability and Absence of Violence/Terrorism: Estimate;PV.EST;0.990650773048401
Denmark;DNK;Political Stability and Absence of Violence/Terrorism: Estimate;PV.EST;0.854937553405762
Djibouti;DJI;Political Stability and Absence of Violence/Terrorism: Estimate;PV.EST;-0.733945071697235
Dominica;DMA;Political Stability and Absence of Violence/Terrorism: Estimate;PV.EST;1.17277669906616
Dominican Republic;DOM;Political Stability and Absence of Violence/Terrorism: Estimate;PV.EST;0.152073904871941
Ecuador;ECU;Political Stability and Absence of Violence/Terrorism: Estimate;PV.EST;-0.0789320766925812
Egypt Arab Rep.;EGY;Political Stability and Absence of Violence/Terrorism: Estimate;PV.EST;-1.42964589595795
El Salvador;SLV;Political Stability and Absence of Violence/Terrorism: Estimate;PV.EST;-0.263820260763168
Equatorial Guinea;GNQ;Political Stability and Absence of Violence/Terrorism: Estimate;PV.EST;-0.172019883990288
Eritrea;ERI;Political Stability and Absence of Violence/Terrorism: Estimate;PV.EST;-0.733444452285767
Estonia;EST;Political Stability and Absence of Violence/Terrorism: Estimate;PV.EST;0.642370760440826
Eswatini;SWZ;Political Stability and Absence of Violence/Terrorism: Estimate;PV.EST;-0.27087739109993
Ethiopia;ETH;Political Stability and Absence of Violence/Terrorism: Estimate;PV.EST;-1.67723059654236
Fiji;FJI;Political Stability and Absence of Violence/Terrorism: Estimate;PV.EST;0.585380256175995
Finland;FIN;Political Stability and Absence of Violence/Terrorism: Estimate;PV.EST;1.06380820274353
France;FRA;Political Stability and Absence of Violence/Terrorism: Estimate;PV.EST;0.265701532363892
French Guiana;GUF;Political Stability and Absence of Violence/Terrorism: Estimate;PV.EST;0.49224054813385
Gabon;GAB;Political Stability and Absence of Violence/Terrorism: Estimate;PV.EST;-0.105890899896622
Gambia The;GMB;Political Stability and Absence of Violence/Terrorism: Estimate;PV.EST;-0.0948309376835823
Georgia;GEO;Political Stability and Absence of Violence/Terrorism: Estimate;PV.EST;-0.375214755535126
Germany;DEU;Political Stability and Absence of Violence/Terrorism: Estimate;PV.EST;0.574381291866302
Ghana;GHA;Political Stability and Absence of Violence/Terrorism: Estimate;PV.EST;0.0820369869470596
Greece;GRC;Political Stability and Absence of Violence/Terrorism: Estimate;PV.EST;-0.0812440440058708
Greenland;GRL;Political Stability and Absence of Violence/Terrorism: Estimate;PV.EST;1.92758369445801
Grenada;GRD;Political Stability and Absence of Violence/Terrorism: Estimate;PV.EST;0.992375195026398
Guam;GUM;Political Stability and Absence of Violence/Terrorism: Estimate;PV.EST;0.678460478782654
Guatemala;GTM;Political Stability and Absence of Violence/Terrorism: Estimate;PV.EST;-0.651365458965302
Guinea;GIN;Political Stability and Absence of Violence/Terrorism: Estimate;PV.EST;-0.699074149131775
Guinea-Bissau;GNB;Political Stability and Absence of Violence/Terrorism: Estimate;PV.EST;-0.497683346271515
Guyana;GUY;Political Stability and Absence of Violence/Terrorism: Estimate;PV.EST;-0.049440186470747
Haiti;HTI;Political Stability and Absence of Violence/Terrorism: Estimate;PV.EST;-0.676077306270599
Honduras;HND;Political Stability and Absence of Violence/Terrorism: Estimate;PV.EST;-0.565637111663818
Hong Kong SAR China;HKG;Political Stability and Absence of Violence/Terrorism: Estimate;PV.EST;0.818203508853912
Hungary;HUN;Political Stability and Absence of Violence/Terrorism: Estimate;PV.EST;0.796200513839722
Iceland;ISL;Political Stability and Absence of Violence/Terrorism: Estimate;PV.EST;1.33768677711487
India;IND;Political Stability and Absence of Violence/Terrorism: Estimate;PV.EST;-0.774099111557007
Indonesia;IDN;Political Stability and Absence of Violence/Terrorism: Estimate;PV.EST;-0.504938721656799
Iran Islamic Rep.;IRN;Political Stability and Absence of Violence/Terrorism: Estimate;PV.EST;-0.933828890323639
Iraq;IRQ;Political Stability and Absence of Violence/Terrorism: Estimate;PV.EST;-2.29594969749451
Ireland;IRL;Political Stability and Absence of Violence/Terrorism: Estimate;PV.EST;0.993410110473633
Israel;ISR;Political Stability and Absence of Violence/Terrorism: Estimate;PV.EST;-0.894905745983124
Italy;ITA;Political Stability and Absence of Violence/Terrorism: Estimate;PV.EST;0.292910486459732
Jamaica;JAM;Political Stability and Absence of Violence/Terrorism: Estimate;PV.EST;0.298303365707397
Japan;JPN;Political Stability and Absence of Violence/Terrorism: Estimate;PV.EST;1.10012805461884
Jersey Channel Islands;JEY;Political Stability and Absence of Violence/Terrorism: Estimate;PV.EST;1.27744150161743
Jordan;JOR;Political Stability and Absence of Violence/Terrorism: Estimate;PV.EST;-0.434586673974991
Kazakhstan;KAZ;Political Stability and Absence of Violence/Terrorism: Estimate;PV.EST;0.0243496801704168
Kenya;KEN;Political Stability and Absence of Violence/Terrorism: Estimate;PV.EST;-1.12843883037567
Kiribati;KIR;Political Stability and Absence of Violence/Terrorism: Estimate;PV.EST;0.855436325073242
Korea Dem. People's Rep.;PRK;Political Stability and Absence of Violence/Terrorism: Estimate;PV.EST;-0.500023424625397
Korea Rep.;KOR;Political Stability and Absence of Violence/Terrorism: Estimate;PV.EST;0.381830722093582
Kosovo;XKX;Political Stability and Absence of Violence/Terrorism: Estimate;PV.EST;-0.244493052363396
Kuwait;KWT;Political Stability and Absence of Violence/Terrorism: Estimate;PV.EST;-0.0512290969491005
Kyrgyz Republic;KGZ;Political Stability and Absence of Violence/Terrorism: Estimate;PV.EST;-0.362505912780762
Lao PDR;LAO;Political Stability and Absence of Violence/Terrorism: Estimate;PV.EST;0.394012778997421
Latvia;LVA;Political Stability and Absence of Violence/Terrorism: Estimate;PV.EST;0.452954679727554
Lebanon;LBN;Political Stability and Absence of Violence/Terrorism: Estimate;PV.EST;-1.62222766876221
Lesotho;LSO;Political Stability and Absence of Violence/Terrorism: Estimate;PV.EST;-0.194124817848206
Liberia;LBR;Political Stability and Absence of Violence/Terrorism: Estimate;PV.EST;-0.319722712039948
Libya;LBY;Political Stability and Absence of Violence/Terrorism: Estimate;PV.EST;-2.35357618331909
Liechtenstein;LIE;Political Stability and Absence of Violence/Terrorism: Estimate;PV.EST;1.45908486843109
Lithuania;LTU;Political Stability and Absence of Violence/Terrorism: Estimate;PV.EST;0.765565991401672
Luxembourg;LUX;Political Stability and Absence of Violence/Terrorism: Estimate;PV.EST;1.3128936290741
Macao SAR China;MAC;Political Stability and Absence of Violence/Terrorism: Estimate;PV.EST;1.40713012218475
Madagascar;MDG;Political Stability and Absence of Violence/Terrorism: Estimate;PV.EST;-0.302837282419205
Malawi;MWI;Political Stability and Absence of Violence/Terrorism: Estimate;PV.EST;-0.249828174710274
Malaysia;MYS;Political Stability and Absence of Violence/Terrorism: Estimate;PV.EST;0.111209630966187
Maldives;MDV;Political Stability and Absence of Violence/Terrorism: Estimate;PV.EST;0.224531978368759
Mali;MLI;Political Stability and Absence of Violence/Terrorism: Estimate;PV.EST;-1.90349173545837
Malta;MLT;Political Stability and Absence of Violence/Terrorism: Estimate;PV.EST;1.23830890655518
Marshall Islands;MHL;Political Stability and Absence of Violence/Terrorism: Estimate;PV.EST;1.03458750247955
Martinique;MTQ;Political Stability and Absence of Violence/Terrorism: Estimate;PV.EST;0.981490910053253
Mauritania;MRT;Political Stability and Absence of Violence/Terrorism: Estimate;PV.EST;-0.629497766494751
Mauritius;MUS;Political Stability and Absence of Violence/Terrorism: Estimate;PV.EST;0.962365567684174
Mexico;MEX;Political Stability and Absence of Violence/Terrorism: Estimate;PV.EST;-0.806419789791107
Micronesia Fed. Sts.;FSM;Political Stability and Absence of Violence/Terrorism: Estimate;PV.EST;1.16163432598114
Moldova;MDA;Political Stability and Absence of Violence/Terrorism: Estimate;PV.EST;-0.31498920917511
Monaco;MCO;Political Stability and Absence of Violence/Terrorism: Estimate;PV.EST;1.61509144306183
Mongolia;MNG;Political Stability and Absence of Violence/Terrorism: Estimate;PV.EST;0.783372223377228
Montenegro;MNE;Political Stability and Absence of Violence/Terrorism: Estimate;PV.EST;-0.0625774934887886
Morocco;MAR;Political Stability and Absence of Violence/Terrorism: Estimate;PV.EST;-0.37808883190155
Mozambique;MOZ;Political Stability and Absence of Violence/Terrorism: Estimate;PV.EST;-0.918098509311676
Myanmar;MMR;Political Stability and Absence of Violence/Terrorism: Estimate;PV.EST;-1.08409464359283
Namibia;NAM;Political Stability and Absence of Violence/Terrorism: Estimate;PV.EST;0.621906340122223
Nauru;NRU;Political Stability and Absence of Violence/Terrorism: Estimate;PV.EST;0.931891143321991
Nepal;NPL;Political Stability and Absence of Violence/Terrorism: Estimate;PV.EST;-0.583756744861603
Netherlands;NLD;Political Stability and Absence of Violence/Terrorism: Estimate;PV.EST;0.907123684883118
Netherlands Antilles;ANT;Political Stability and Absence of Violence/Terrorism: Estimate;PV.EST;0.011345851
New Zealand;NZL;Political Stability and Absence of Violence/Terrorism: Estimate;PV.EST;1.56194603443146
Nicaragua;NIC;Political Stability and Absence of Violence/Terrorism: Estimate;PV.EST;-0.0538226664066315
Niger;NER;Political Stability and Absence of Violence/Terrorism: Estimate;PV.EST;-1.25950562953949
Nigeria;NGA;Political Stability and Absence of Violence/Terrorism: Estimate;PV.EST;-1.99671792984009
Niue;NIU;Political Stability and Absence of Violence/Terrorism: Estimate;PV.EST;1.3
North Macedonia;MKD;Political Stability and Absence of Violence/Terrorism: Estimate;PV.EST;-0.258880764245987
Norway;NOR;Political Stability and Absence of Violence/Terrorism: Estimate;PV.EST;1.15070176124573
Oman;OMN;Political Stability and Absence of Violence/Terrorism: Estimate;PV.EST;0.749312877655029
Pakistan;PAK;Political Stability and Absence of Violence/Terrorism: Estimate;PV.EST;-2.39691209793091
Palau;PLW;Political Stability and Absence of Violence/Terrorism: Estimate;PV.EST;1.21373856067657
Panama;PAN;Political Stability and Absence of Violence/Terrorism: Estimate;PV.EST;0.380334168672562
Papua New Guinea;PNG;Political Stability and Absence of Violence/Terrorism: Estimate;PV.EST;-0.691195070743561
Paraguay;PRY;Political Stability and Absence of Violence/Terrorism: Estimate;PV.EST;-0.00285546225495636
Peru;PER;Political Stability and Absence of Violence/Terrorism: Estimate;PV.EST;-0.2635098695755
Philippines;PHL;Political Stability and Absence of Violence/Terrorism: Estimate;PV.EST;-1.18929100036621
Poland;POL;Political Stability and Absence of Violence/Terrorism: Estimate;PV.EST;0.509756147861481
Portugal;PRT;Political Stability and Absence of Violence/Terrorism: Estimate;PV.EST;1.10616970062256
Puerto Rico;PRI;Political Stability and Absence of Violence/Terrorism: Estimate;PV.EST;0.481970578432083
Qatar;QAT;Political Stability and Absence of Violence/Terrorism: Estimate;PV.EST;0.647983014583588
Reunion;REU;Political Stability and Absence of Violence/Terrorism: Estimate;PV.EST;0.293628543615341
Romania;ROU;Political Stability and Absence of Violence/Terrorism: Estimate;PV.EST;0.0485141687095165
Russian Federation;RUS;Political Stability and Absence of Violence/Terrorism: Estimate;PV.EST;-0.642759621143341
Rwanda;RWA;Political Stability and Absence of Violence/Terrorism: Estimate;PV.EST;0.0782710164785385
Samoa;WSM;Political Stability and Absence of Violence/Terrorism: Estimate;PV.EST;1.16163432598114
San Marino;SMR;Political Stability and Absence of Violence/Terrorism: Estimate;PV.EST;1.39288973808289
Sao Tome and Principe;STP;Political Stability and Absence of Violence/Terrorism: Estimate;PV.EST;0.183461591601372
Saudi Arabia;SAU;Political Stability and Absence of Violence/Terrorism: Estimate;PV.EST;-0.649625718593597
Senegal;SEN;Political Stability and Absence of Violence/Terrorism: Estimate;PV.EST;-0.0557225905358791
Serbia;SRB;Political Stability and Absence of Violence/Terrorism: Estimate;PV.EST;0.0833679884672165
Seychelles;SYC;Political Stability and Absence of Violence/Terrorism: Estimate;PV.EST;0.779473781585693
Sierra Leone;SLE;Political Stability and Absence of Violence/Terrorism: Estimate;PV.EST;-0.0394265502691269
Singapore;SGP;Political Stability and Absence of Violence/Terrorism: Estimate;PV.EST;1.59912502765656
Slovak Republic;SVK;Political Stability and Absence of Violence/Terrorism: Estimate;PV.EST;0.902731478214264
Slovenia;SVN;Political Stability and Absence of Violence/Terrorism: Estimate;PV.EST;0.866365492343903
Solomon Islands;SLB;Political Stability and Absence of Violence/Terrorism: Estimate;PV.EST;0.188088729977608
Somalia;SOM;Political Stability and Absence of Violence/Terrorism: Estimate;PV.EST;-2.24991130828857
South Africa;ZAF;Political Stability and Absence of Violence/Terrorism: Estimate;PV.EST;-0.284803628921509
South Sudan;SSD;Political Stability and Absence of Violence/Terrorism: Estimate;PV.EST;-2.44623708724976
Spain;ESP;Political Stability and Absence of Violence/Terrorism: Estimate;PV.EST;0.270845949649811
Sri Lanka;LKA;Political Stability and Absence of Violence/Terrorism: Estimate;PV.EST;-0.0754480063915253
St. Kitts and Nevis;KNA;Political Stability and Absence of Violence/Terrorism: Estimate;PV.EST;0.628549754619598
St. Lucia;LCA;Political Stability and Absence of Violence/Terrorism: Estimate;PV.EST;0.974611222743988
St. Vincent and the Grenadines;VCT;Political Stability and Absence of Violence/Terrorism: Estimate;PV.EST;0.871100068092346
Sudan;SDN;Political Stability and Absence of Violence/Terrorism: Estimate;PV.EST;-1.97152543067932
Suriname;SUR;Political Stability and Absence of Violence/Terrorism: Estimate;PV.EST;0.11980140209198
Sweden;SWE;Political Stability and Absence of Violence/Terrorism: Estimate;PV.EST;0.968603014945984
Switzerland;CHE;Political Stability and Absence of Violence/Terrorism: Estimate;PV.EST;1.24231648445129
Syrian Arab Republic;SYR;Political Stability and Absence of Violence/Terrorism: Estimate;PV.EST;-2.61291933059692
Taiwan China;TWN;Political Stability and Absence of Violence/Terrorism: Estimate;PV.EST;0.858922719955444
Tajikistan;TJK;Political Stability and Absence of Violence/Terrorism: Estimate;PV.EST;-0.674310863018036
Tanzania;TZA;Political Stability and Absence of Violence/Terrorism: Estimate;PV.EST;-0.570162117481232
Thailand;THA;Political Stability and Absence of Violence/Terrorism: Estimate;PV.EST;-0.754879415035248
Timor-Leste;TLS;Political Stability and Absence of Violence/Terrorism: Estimate;PV.EST;0.0663827210664749
Togo;TGO;Political Stability and Absence of Violence/Terrorism: Estimate;PV.EST;-0.874444663524628
Tonga;TON;Political Stability and Absence of Violence/Terrorism: Estimate;PV.EST;0.771568059921265
Trinidad and Tobago;TTO;Political Stability and Absence of Violence/Terrorism: Estimate;PV.EST;0.269299238920212
Tunisia;TUN;Political Stability and Absence of Violence/Terrorism: Estimate;PV.EST;-1.02349054813385
Turkiye;TUR;Political Stability and Absence of Violence/Terrorism: Estimate;PV.EST;-1.78637635707855
Turkmenistan;TKM;Political Stability and Absence of Violence/Terrorism: Estimate;PV.EST;-0.128823027014732
Tuvalu;TUV;Political Stability and Absence of Violence/Terrorism: Estimate;PV.EST;1.21373856067657
Uganda;UGA;Political Stability and Absence of Violence/Terrorism: Estimate;PV.EST;-0.569948732852936
Ukraine;UKR;Political Stability and Absence of Violence/Terrorism: Estimate;PV.EST;-1.86741781234741
United Arab Emirates;ARE;Political Stability and Absence of Violence/Terrorism: Estimate;PV.EST;0.601949751377106
United Kingdom;GBR;Political Stability and Absence of Violence/Terrorism: Estimate;PV.EST;0.380680292844772
United States;USA;Political Stability and Absence of Violence/Terrorism: Estimate;PV.EST;0.262138307094574
Uruguay;URY;Political Stability and Absence of Violence/Terrorism: Estimate;PV.EST;1.04009222984314
Uzbekistan;UZB;Political Stability and Absence of Violence/Terrorism: Estimate;PV.EST;-0.244978666305542
Vanuatu;VUT;Political Stability and Absence of Violence/Terrorism: Estimate;PV.EST;0.676285207271576
Venezuela RB;VEN;Political Stability and Absence of Violence/Terrorism: Estimate;PV.EST;-1.2522406578064
Viet Nam;VNM;Political Stability and Absence of Violence/Terrorism: Estimate;PV.EST;0.211102172732353
Virgin Islands (U.S.);VIR;Political Stability and Absence of Violence/Terrorism: Estimate;PV.EST;0.981490910053253
West Bank and Gaza;PSE;Political Stability and Absence of Violence/Terrorism: Estimate;PV.EST;-1.65064632892609
Yemen Rep.;YEM;Political Stability and Absence of Violence/Terrorism: Estimate;PV.EST;-2.93431735038757
Zambia;ZMB;Political Stability and Absence of Violence/Terrorism: Estimate;PV.EST;0.142043307423592
Zimbabwe;ZWE;Political Stability and Absence of Violence/Terrorism: Estimate;PV.EST;-0.710430860519409
