Country Name;Country Code;Series Name;Series Code;2017 [YR2017]
Afghanistan;AFG;Rule of Law: Estimate;RL.EST;-1.58117640018463
Albania;ALB;Rule of Law: Estimate;RL.EST;-0.414191573858261
Algeria;DZA;Rule of Law: Estimate;RL.EST;-0.925012648105621
American Samoa;ASM;Rule of Law: Estimate;RL.EST;1.29530119895935
Andorra;AND;Rule of Law: Estimate;RL.EST;1.53556883335114
Angola;AGO;Rule of Law: Estimate;RL.EST;-1.03998208045959
Anguilla;AIA;Rule of Law: Estimate;RL.EST;-0.146304741501808
Antigua and Barbuda;ATG;Rule of Law: Estimate;RL.EST;0.40701898932457
Argentina;ARG;Rule of Law: Estimate;RL.EST;-0.237312033772469
Armenia;ARM;Rule of Law: Estimate;RL.EST;-0.209393918514252
Aruba;ABW;Rule of Law: Estimate;RL.EST;1.29584264755249
Australia;AUS;Rule of Law: Estimate;RL.EST;1.64595770835876
Austria;AUT;Rule of Law: Estimate;RL.EST;1.8003545999527
Azerbaijan;AZE;Rule of Law: Estimate;RL.EST;-0.58492249250412
Bahamas The;BHS;Rule of Law: Estimate;RL.EST;0.162333726882935
Bahrain;BHR;Rule of Law: Estimate;RL.EST;0.419615566730499
Bangladesh;BGD;Rule of Law: Estimate;RL.EST;-0.679660320281982
Barbados;BRB;Rule of Law: Estimate;RL.EST;0.625477015972137
Belarus;BLR;Rule of Law: Estimate;RL.EST;-0.881673812866211
Belgium;BEL;Rule of Law: Estimate;RL.EST;1.32062590122223
Belize;BLZ;Rule of Law: Estimate;RL.EST;-0.97460526227951
Benin;BEN;Rule of Law: Estimate;RL.EST;-0.645502924919128
Bermuda;BMU;Rule of Law: Estimate;RL.EST;0.814765870571136
Bhutan;BTN;Rule of Law: Estimate;RL.EST;0.626136064529419
Bolivia;BOL;Rule of Law: Estimate;RL.EST;-1.24510812759399
Bosnia and Herzegovina;BIH;Rule of Law: Estimate;RL.EST;-0.201813697814941
Botswana;BWA;Rule of Law: Estimate;RL.EST;0.360619574785233
Brazil;BRA;Rule of Law: Estimate;RL.EST;-0.305428564548492
Brunei Darussalam;BRN;Rule of Law: Estimate;RL.EST;0.619767785072327
Bulgaria;BGR;Rule of Law: Estimate;RL.EST;-0.1249605640769
Burkina Faso;BFA;Rule of Law: Estimate;RL.EST;-0.414963334798813
Burundi;BDI;Rule of Law: Estimate;RL.EST;-1.41100382804871
Cabo Verde;CPV;Rule of Law: Estimate;RL.EST;0.352905750274658
Cambodia;KHM;Rule of Law: Estimate;RL.EST;-1.07415091991425
Cameroon;CMR;Rule of Law: Estimate;RL.EST;-1.05129599571228
Canada;CAN;Rule of Law: Estimate;RL.EST;1.76343929767609
Cayman Islands;CYM;Rule of Law: Estimate;RL.EST;0.744043588638306
Central African Republic;CAF;Rule of Law: Estimate;RL.EST;-1.75811660289764
Chad;TCD;Rule of Law: Estimate;RL.EST;-1.31842732429504
Chile;CHL;Rule of Law: Estimate;RL.EST;0.981475472450256
China;CHN;Rule of Law: Estimate;RL.EST;-0.255178093910217
Colombia;COL;Rule of Law: Estimate;RL.EST;-0.366633266210556
Comoros;COM;Rule of Law: Estimate;RL.EST;-1.10258769989014
Congo Dem. Rep.;COD;Rule of Law: Estimate;RL.EST;-1.71109914779663
Congo Rep.;COG;Rule of Law: Estimate;RL.EST;-1.1574285030365
Cook Islands;COK;Rule of Law: Estimate;RL.EST;-0.573328018188477
Costa Rica;CRI;Rule of Law: Estimate;RL.EST;0.42886871099472
Cote d'Ivoire;CIV;Rule of Law: Estimate;RL.EST;-0.650803864002228
Croatia;HRV;Rule of Law: Estimate;RL.EST;0.308922588825226
Cuba;CUB;Rule of Law: Estimate;RL.EST;-0.449702054262161
Cyprus;CYP;Rule of Law: Estimate;RL.EST;0.854454517364502
Czechia;CZE;Rule of Law: Estimate;RL.EST;1.08858931064606
Denmark;DNK;Rule of Law: Estimate;RL.EST;1.80426836013794
Djibouti;DJI;Rule of Law: Estimate;RL.EST;-0.931997954845428
Dominica;DMA;Rule of Law: Estimate;RL.EST;0.65121990442276
Dominican Republic;DOM;Rule of Law: Estimate;RL.EST;-0.428010761737823
Ecuador;ECU;Rule of Law: Estimate;RL.EST;-0.718140542507172
Egypt Arab Rep.;EGY;Rule of Law: Estimate;RL.EST;-0.448036134243011
El Salvador;SLV;Rule of Law: Estimate;RL.EST;-0.873291909694672
Equatorial Guinea;GNQ;Rule of Law: Estimate;RL.EST;-1.36834931373596
Eritrea;ERI;Rule of Law: Estimate;RL.EST;-1.5930860042572
Estonia;EST;Rule of Law: Estimate;RL.EST;1.24847757816315
Eswatini;SWZ;Rule of Law: Estimate;RL.EST;-0.274562150239944
Ethiopia;ETH;Rule of Law: Estimate;RL.EST;-0.469820439815521
Fiji;FJI;Rule of Law: Estimate;RL.EST;-0.0815383344888687
Finland;FIN;Rule of Law: Estimate;RL.EST;2.02406764030457
France;FRA;Rule of Law: Estimate;RL.EST;1.39806187152863
French Guiana;GUF;Rule of Law: Estimate;RL.EST;1.16165149211884
Gabon;GAB;Rule of Law: Estimate;RL.EST;-0.723504424095154
Gambia The;GMB;Rule of Law: Estimate;RL.EST;-0.453931570053101
Georgia;GEO;Rule of Law: Estimate;RL.EST;0.262742727994919
Germany;DEU;Rule of Law: Estimate;RL.EST;1.5740704536438
Ghana;GHA;Rule of Law: Estimate;RL.EST;0.105520524084568
Greece;GRC;Rule of Law: Estimate;RL.EST;0.0502666123211384
Greenland;GRL;Rule of Law: Estimate;RL.EST;1.68990814685822
Grenada;GRD;Rule of Law: Estimate;RL.EST;0.454057425260544
Guam;GUM;Rule of Law: Estimate;RL.EST;1.29530119895935
Guatemala;GTM;Rule of Law: Estimate;RL.EST;-1.07728862762451
Guinea;GIN;Rule of Law: Estimate;RL.EST;-1.25424540042877
Guinea-Bissau;GNB;Rule of Law: Estimate;RL.EST;-1.46411693096161
Guyana;GUY;Rule of Law: Estimate;RL.EST;-0.299223601818085
Haiti;HTI;Rule of Law: Estimate;RL.EST;-1.09179079532623
Honduras;HND;Rule of Law: Estimate;RL.EST;-1.06041383743286
Hong Kong SAR China;HKG;Rule of Law: Estimate;RL.EST;1.68126904964447
Hungary;HUN;Rule of Law: Estimate;RL.EST;0.537432312965393
Iceland;ISL;Rule of Law: Estimate;RL.EST;1.57102274894714
India;IND;Rule of Law: Estimate;RL.EST;-0.0297500882297754
Indonesia;IDN;Rule of Law: Estimate;RL.EST;-0.351397454738617
Iran Islamic Rep.;IRN;Rule of Law: Estimate;RL.EST;-0.7025266289711
Iraq;IRQ;Rule of Law: Estimate;RL.EST;-1.75534462928772
Ireland;IRL;Rule of Law: Estimate;RL.EST;1.38122129440308
Israel;ISR;Rule of Law: Estimate;RL.EST;0.989351093769073
Italy;ITA;Rule of Law: Estimate;RL.EST;0.319133818149567
Jamaica;JAM;Rule of Law: Estimate;RL.EST;-0.134216383099556
Japan;JPN;Rule of Law: Estimate;RL.EST;1.52945506572723
Jersey Channel Islands;JEY;Rule of Law: Estimate;RL.EST;1.68990814685822
Jordan;JOR;Rule of Law: Estimate;RL.EST;0.235927596688271
Kazakhstan;KAZ;Rule of Law: Estimate;RL.EST;-0.48727560043335
Kenya;KEN;Rule of Law: Estimate;RL.EST;-0.431836128234863
Kiribati;KIR;Rule of Law: Estimate;RL.EST;0.585630178451538
Korea Dem. People's Rep.;PRK;Rule of Law: Estimate;RL.EST;-1.72327482700348
Korea Rep.;KOR;Rule of Law: Estimate;RL.EST;1.1309677362442
Kosovo;XKX;Rule of Law: Estimate;RL.EST;-0.435882121324539
Kuwait;KWT;Rule of Law: Estimate;RL.EST;0.0807551294565201
Kyrgyz Republic;KGZ;Rule of Law: Estimate;RL.EST;-0.947072088718414
Lao PDR;LAO;Rule of Law: Estimate;RL.EST;-0.90196168422699
Latvia;LVA;Rule of Law: Estimate;RL.EST;0.900835394859314
Lebanon;LBN;Rule of Law: Estimate;RL.EST;-0.810203075408936
Lesotho;LSO;Rule of Law: Estimate;RL.EST;-0.300513446331024
Liberia;LBR;Rule of Law: Estimate;RL.EST;-0.969253301620483
Libya;LBY;Rule of Law: Estimate;RL.EST;-1.68399310112
Liechtenstein;LIE;Rule of Law: Estimate;RL.EST;1.63437044620514
Lithuania;LTU;Rule of Law: Estimate;RL.EST;0.961514294147491
Luxembourg;LUX;Rule of Law: Estimate;RL.EST;1.69909048080444
Macao SAR China;MAC;Rule of Law: Estimate;RL.EST;0.814161896705627
Madagascar;MDG;Rule of Law: Estimate;RL.EST;-0.875741600990295
Malawi;MWI;Rule of Law: Estimate;RL.EST;-0.394054114818573
Malaysia;MYS;Rule of Law: Estimate;RL.EST;0.388218402862549
Maldives;MDV;Rule of Law: Estimate;RL.EST;-0.573328018188477
Mali;MLI;Rule of Law: Estimate;RL.EST;-0.792974710464478
Malta;MLT;Rule of Law: Estimate;RL.EST;1.11296081542969
Marshall Islands;MHL;Rule of Law: Estimate;RL.EST;0.279402941465378
Martinique;MTQ;Rule of Law: Estimate;RL.EST;0.814765870571136
Mauritania;MRT;Rule of Law: Estimate;RL.EST;-0.618081569671631
Mauritius;MUS;Rule of Law: Estimate;RL.EST;0.670067489147186
Mexico;MEX;Rule of Law: Estimate;RL.EST;-0.584648728370667
Micronesia Fed. Sts.;FSM;Rule of Law: Estimate;RL.EST;0.0496921613812447
Moldova;MDA;Rule of Law: Estimate;RL.EST;-0.451828390359879
Monaco;MCO;Rule of Law: Estimate;RL.EST;1.53556883335114
Mongolia;MNG;Rule of Law: Estimate;RL.EST;-0.316596984863281
Montenegro;MNE;Rule of Law: Estimate;RL.EST;-0.111639104783535
Morocco;MAR;Rule of Law: Estimate;RL.EST;-0.278358191251755
Mozambique;MOZ;Rule of Law: Estimate;RL.EST;-1.0070892572403
Myanmar;MMR;Rule of Law: Estimate;RL.EST;-0.95928293466568
Namibia;NAM;Rule of Law: Estimate;RL.EST;0.276563882827759
Nauru;NRU;Rule of Law: Estimate;RL.EST;-0.0667443573474884
Nepal;NPL;Rule of Law: Estimate;RL.EST;-0.694522202014923
Netherlands;NLD;Rule of Law: Estimate;RL.EST;1.75830602645874
Netherlands Antilles;ANT;Rule of Law: Estimate;RL.EST;-0.573328018188477
New Zealand;NZL;Rule of Law: Estimate;RL.EST;1.88447558879852
Nicaragua;NIC;Rule of Law: Estimate;RL.EST;-0.660670220851898
Niger;NER;Rule of Law: Estimate;RL.EST;-0.704613566398621
Nigeria;NGA;Rule of Law: Estimate;RL.EST;-0.88729989528656
Niue;NIU;Rule of Law: Estimate;RL.EST;-0.573328018188477
North Macedonia;MKD;Rule of Law: Estimate;RL.EST;-0.310623556375504
Norway;NOR;Rule of Law: Estimate;RL.EST;1.98068571090698
Oman;OMN;Rule of Law: Estimate;RL.EST;0.407715171575546
Pakistan;PAK;Rule of Law: Estimate;RL.EST;-0.731694102287292
Palau;PLW;Rule of Law: Estimate;RL.EST;0.955711662769318
Panama;PAN;Rule of Law: Estimate;RL.EST;0.0075527080334723
Papua New Guinea;PNG;Rule of Law: Estimate;RL.EST;-0.817370653152466
Paraguay;PRY;Rule of Law: Estimate;RL.EST;-0.667961835861206
Peru;PER;Rule of Law: Estimate;RL.EST;-0.523281574249268
Philippines;PHL;Rule of Law: Estimate;RL.EST;-0.501289486885071
Poland;POL;Rule of Law: Estimate;RL.EST;0.400895059108734
Portugal;PRT;Rule of Law: Estimate;RL.EST;1.10397756099701
Puerto Rico;PRI;Rule of Law: Estimate;RL.EST;0.594243347644806
Qatar;QAT;Rule of Law: Estimate;RL.EST;0.697290062904358
Reunion;REU;Rule of Law: Estimate;RL.EST;1.05503356456757
Romania;ROU;Rule of Law: Estimate;RL.EST;0.436648339033127
Russian Federation;RUS;Rule of Law: Estimate;RL.EST;-0.845929563045502
Rwanda;RWA;Rule of Law: Estimate;RL.EST;0.114127799868584
Samoa;WSM;Rule of Law: Estimate;RL.EST;0.917929410934448
San Marino;SMR;Rule of Law: Estimate;RL.EST;1.53556883335114
Sao Tome and Principe;STP;Rule of Law: Estimate;RL.EST;-0.726285457611084
Saudi Arabia;SAU;Rule of Law: Estimate;RL.EST;0.0772835165262222
Senegal;SEN;Rule of Law: Estimate;RL.EST;-0.171570092439651
Serbia;SRB;Rule of Law: Estimate;RL.EST;-0.179726555943489
Seychelles;SYC;Rule of Law: Estimate;RL.EST;0.168758273124695
Sierra Leone;SLE;Rule of Law: Estimate;RL.EST;-0.806489408016205
Singapore;SGP;Rule of Law: Estimate;RL.EST;1.78575432300568
Slovak Republic;SVK;Rule of Law: Estimate;RL.EST;0.513248085975647
Slovenia;SVN;Rule of Law: Estimate;RL.EST;0.993279337882996
Solomon Islands;SLB;Rule of Law: Estimate;RL.EST;-0.191830039024353
Somalia;SOM;Rule of Law: Estimate;RL.EST;-2.33167695999146
South Africa;ZAF;Rule of Law: Estimate;RL.EST;-0.15624788403511
South Sudan;SSD;Rule of Law: Estimate;RL.EST;-1.96300029754639
Spain;ESP;Rule of Law: Estimate;RL.EST;1.02435386180878
Sri Lanka;LKA;Rule of Law: Estimate;RL.EST;0.0275164842605591
St. Kitts and Nevis;KNA;Rule of Law: Estimate;RL.EST;0.496037840843201
St. Lucia;LCA;Rule of Law: Estimate;RL.EST;0.598340749740601
St. Vincent and the Grenadines;VCT;Rule of Law: Estimate;RL.EST;0.418545246124268
Sudan;SDN;Rule of Law: Estimate;RL.EST;-1.12192285060883
Suriname;SUR;Rule of Law: Estimate;RL.EST;-0.171837165951729
Sweden;SWE;Rule of Law: Estimate;RL.EST;1.81969857215881
Switzerland;CHE;Rule of Law: Estimate;RL.EST;1.88867199420929
Syrian Arab Republic;SYR;Rule of Law: Estimate;RL.EST;-2.09795308113098
Taiwan China;TWN;Rule of Law: Estimate;RL.EST;1.10413432121277
Tajikistan;TJK;Rule of Law: Estimate;RL.EST;-1.37405633926392
Tanzania;TZA;Rule of Law: Estimate;RL.EST;-0.470542252063751
Thailand;THA;Rule of Law: Estimate;RL.EST;0.013869789429009
Timor-Leste;TLS;Rule of Law: Estimate;RL.EST;-1.17315435409546
Togo;TGO;Rule of Law: Estimate;RL.EST;-0.730986833572388
Tonga;TON;Rule of Law: Estimate;RL.EST;0.300220131874084
Trinidad and Tobago;TTO;Rule of Law: Estimate;RL.EST;-0.132017612457275
Tunisia;TUN;Rule of Law: Estimate;RL.EST;0.0937891378998756
Turkiye;TUR;Rule of Law: Estimate;RL.EST;-0.317272514104843
Turkmenistan;TKM;Rule of Law: Estimate;RL.EST;-1.48155915737152
Tuvalu;TUV;Rule of Law: Estimate;RL.EST;0.622403740882874
Uganda;UGA;Rule of Law: Estimate;RL.EST;-0.319180428981781
Ukraine;UKR;Rule of Law: Estimate;RL.EST;-0.756031930446625
United Arab Emirates;ARE;Rule of Law: Estimate;RL.EST;0.768334984779358
United Kingdom;GBR;Rule of Law: Estimate;RL.EST;1.64506530761719
United States;USA;Rule of Law: Estimate;RL.EST;1.60897934436798
Uruguay;URY;Rule of Law: Estimate;RL.EST;0.557142913341522
Uzbekistan;UZB;Rule of Law: Estimate;RL.EST;-1.13459193706512
Vanuatu;VUT;Rule of Law: Estimate;RL.EST;0.532046556472778
Venezuela RB;VEN;Rule of Law: Estimate;RL.EST;-2.2592396736145
Viet Nam;VNM;Rule of Law: Estimate;RL.EST;0.0403859280049801
Virgin Islands (U.S.);VIR;Rule of Law: Estimate;RL.EST;0.574498236179352
West Bank and Gaza;PSE;Rule of Law: Estimate;RL.EST;-0.433971107006073
Yemen Rep.;YEM;Rule of Law: Estimate;RL.EST;-1.75711131095886
Zambia;ZMB;Rule of Law: Estimate;RL.EST;-0.339934676885605
Zimbabwe;ZWE;Rule of Law: Estimate;RL.EST;-1.39540266990662
