id_salarié;Sexe;Congé maternité A-1;Age;Contrat;Durée hebdo;Salaire base mensuel;%variable_moyen;Augmentation;Promotion;Ancienneté_an;Service;Work_accident;Niveau de satisfaction;Salaire_annuel_fixe;Salaire_annuel_total;Salaire_annuel_ETP;Tranche_salaire;Tranche_age;Tranche_ancienneté
250;H;0;39;CDI;35;9999.38;0.27;0;0;17;Marketing;0;34;119992.56;152390.5512;152390.5512;150k+;35-39;10–19
121;H;0;45;CDI;35;9978.15;0.34;0;0;13;Compta Finances;0;78;119737.79999999999;160448.652;160448.652;150k+;45-49;10–19
136;H;0;39;CDI;35;9940.23;0.24;0;0;22;Marketing;0;45;119282.76;147910.6224;147910.6224;125k–149k;35-39;20–29
132;H;0;30;CDI;35;9928.1;0.27;1;1;10;RH;0;58;119137.20000000001;151304.244;151304.244;150k+;30-34;10–19
256;F;0;39;CDI;35;9873.5;0.13;0;0;22;Consultant;0;60;118482;133884.65999999997;133884.65999999997;125k–149k;35-39;20–29
149;H;0;34;CDI;35;9785.53;0.28;0;0;17;Commercial;1;40;117426.36000000002;150305.74080000003;150305.74080000003;150k+;30-34;10–19
8;F;0;42;CDI;35;9782.5;0.38;0;0;6;Consultant;0;69;117390;161998.19999999998;161998.19999999998;150k+;40-44;0–9
138;F;0;40;CDI;35;9777.95;0.04;1;0;10;Commercial;1;13;117335.40000000001;122028.816;122028.816;100k–124k;40-44;10–19
194;H;0;50;CDI;35;9737;0.12;1;1;7;Consultant;0;72;116844;130865.28000000001;130865.28000000001;125k–149k;50-54;0–9
55;H;0;53;CDI;35;9642.97;0.17;0;0;19;RH;0;3;115715.63999999998;135387.29879999996;135387.29879999996;125k–149k;50-54;10–19
54;H;0;40;CDI;35;9635.38;0.19;1;0;6;RH;1;32;115624.56;137593.22639999999;137593.22639999999;125k–149k;40-44;0–9
64;H;0;46;CDI;35;9573.2;0.05;1;0;7;Informatique;0;77;114878.40000000001;120622.32000000002;120622.32000000002;100k–124k;45-49;0–9
117;H;0;46;CDI;35;9573.2;0.07;0;0;18;Commercial;1;48;114878.40000000001;122919.88800000002;122919.88800000002;100k–124k;45-49;10–19
78;F;0;33;CDI;35;9555;0.2;1;0;13;Commercial;0;15;114660;137592;137592;125k–149k;30-34;10–19
31;F;0;45;CDI;35;9497.37;0.17;1;0;13;Commercial;0;81;113968.44;133343.0748;133343.0748;125k–149k;45-49;10–19
71;H;0;52;CDI;35;9488.27;0.38;1;1;14;Commercial;0;52;113859.24;157125.7512;157125.7512;150k+;50-54;10–19
186;H;0;45;CDI;35;9447.32;0;1;0;21;Consultant;0;1;113367.84;113367.84;113367.84;100k–124k;45-49;20–29
11;F;0;50;CDI;35;9426.08;0.24;1;0;23;Consultant;0;9;113112.95999999999;140260.0704;140260.0704;125k–149k;50-54;20–29
175;H;0;54;CDI;35;9400.3;0.03;1;0;20;Consultant;0;25;112803.59999999999;116187.708;116187.708;100k–124k;50-54;20–29
206;F;0;44;CDI;35;9366.93;0.08;1;1;9;Informatique;0;74;112403.16;121395.4128;121395.4128;100k–124k;40-44;0–9
98;F;0;55;CDI;35;9256.22;0.01;1;0;7;Compta Finances;0;84;111074.63999999998;112185.38639999999;112185.38639999999;100k–124k;55-59;0–9
57;F;0;41;CDI;35;9218.3;0.04;0;0;6;Marketing;0;69;110619.59999999999;115044.38399999999;115044.38399999999;100k–124k;40-44;0–9
20;F;0;51;CDI;35;9162.18;0.17;1;0;9;Consultant;0;7;109946.16;128637.0072;128637.0072;125k–149k;50-54;0–9
233;H;0;57;CDI;35;9096.97;0.21;0;0;5;Informatique;1;8;109163.63999999998;132088.00439999998;132088.00439999998;125k–149k;55-59;0–9
219;H;0;41;CDI;35;9069.67;0.01;0;0;18;Commercial;0;11;108836.04000000001;109924.40040000001;109924.40040000001;100k–124k;40-44;10–19
191;H;0;28;CDI;35;9039.33;0.2;1;1;10;RH;0;1;108471.95999999999;130166.35199999998;130166.35199999998;125k–149k;-30;10–19
3;F;0;42;CDI;32;8860.8;0.19;1;0;11;RH;0;59;106329.59999999999;126532.22399999999;138394.62;125k–149k;40-44;10–19
88;F;0;31;CDI;35;8828.52;0.17;0;1;10;Commercial;1;84;105942.24;123952.42079999999;123952.42079999999;100k–124k;30-34;10–19
26;F;0;35;CDI;35;8746.62;0.19;0;1;5;RH;0;62;104959.44;124901.73359999999;124901.73359999999;100k–124k;35-39;0–9
184;H;0;31;CDI;35;8716.28;0.2;0;0;8;Informatique;0;93;104595.36000000002;125514.43200000002;125514.43200000002;125k–149k;30-34;0–9
216;H;0;54;CDI;35;8714.77;0.37;1;0;15;Commercial;0;80;104577.24;143270.8188;143270.8188;125k–149k;50-54;10–19
32;H;0;58;CDI;35;8696.57;0.34;1;0;13;Marketing;0;89;104358.84;139840.8456;139840.8456;125k–149k;55-59;10–19
104;H;0;58;CDI;35;8696.57;0.37;0;0;8;Compta Finances;0;26;104358.84;142971.6108;142971.6108;125k–149k;55-59;0–9
59;F;0;42;CDI;35;8655.62;0.26;1;0;15;Compta Finances;0;25;103867.44;130872.9744;130872.9744;125k–149k;40-44;10–19
129;F;0;46;CDI;35;8629.83;0.03;0;0;19;Commercial;0;44;103557.95999999999;106664.6988;106664.6988;100k–124k;45-49;10–19
146;H;0;41;CDI;35;8563.1;0.07;0;0;21;RH;0;87;102757.20000000001;109950.20400000001;109950.20400000001;100k–124k;40-44;20–29
240;H;0;36;CDI;35;8458.45;0.01;0;0;15;Informatique;0;35;101501.40000000001;102516.414;102516.414;100k–124k;35-39;10–19
96;H;0;50;CDI;35;8428.12;0.18;1;0;20;Commercial;1;44;101137.44;119342.1792;119342.1792;100k–124k;50-54;20–29
140;F;0;52;CDI;35;8422.05;0.38;0;1;11;Compta Finances;0;96;101064.59999999999;139469.148;139469.148;125k–149k;50-54;10–19
139;H;0;33;CDI;35;8337.12;0.16;0;1;6;Commercial;1;14;100045.44;116052.7104;116052.7104;100k–124k;30-34;0–9
151;F;0;37;CDI;35;8332.57;0.12;0;0;5;Compta Finances;0;42;99990.84;111989.7408;111989.7408;100k–124k;35-39;0–9
4;F;0;34;CDI;35;8328.02;0.14;1;0;10;Compta Finances;0;60;99936.24;113927.31360000002;113927.31360000002;100k–124k;30-34;10–19
179;H;0;36;CDI;35;8277.97;0.1;0;0;20;RH;0;78;99335.63999999998;109269.204;109269.204;100k–124k;35-39;20–29
237;F;0;62;CDI;35;8218.82;0.14;0;0;16;Compta Finances;0;32;98625.84;112433.45760000001;112433.45760000001;100k–124k;60-64;10–19
9;F;0;45;CDI;35;8126.3;0.36;1;0;18;Commercial;1;54;97515.6;132621.216;132621.216;125k–149k;45-49;10–19
124;F;0;32;CDI;35;8108.1;0.38;0;0;11;RH;0;69;97297.20000000001;134270.136;134270.136;125k–149k;30-34;10–19
214;H;0;47;CDI;35;8073.22;0.38;1;1;15;Compta Finances;0;70;96878.64;133692.5232;133692.5232;125k–149k;45-49;10–19
115;F;0;47;CDI;35;8056.53;0.14;0;0;21;Marketing;0;75;96678.36;110213.3304;110213.3304;100k–124k;45-49;20–29
195;F;0;57;CDI;35;8056.53;0.13;0;1;10;Compta Finances;0;32;96678.36;109246.5468;109246.5468;100k–124k;55-59;10–19
182;F;0;44;CDI;35;7942.78;0.38;1;0;10;Commercial;0;78;95313.36;131532.4368;131532.4368;125k–149k;40-44;10–19
152;H;0;44;CDI;35;7927.62;0.32;1;0;10;Commercial;1;42;95131.44;125573.50080000001;125573.50080000001;125k–149k;40-44;10–19
187;F;0;59;CDI;35;7898.8;0.35;0;0;23;Compta Finances;1;65;94785.6;127960.56000000001;127960.56000000001;125k–149k;55-59;20–29
29;F;0;32;CDI;35;7889.7;0.27;0;0;16;Compta Finances;0;53;94676.4;120239.02799999999;120239.02799999999;100k–124k;30-34;10–19
109;F;0;44;CDI;35;7877.57;0.36;1;0;22;RH;0;63;94530.84;128561.94239999999;128561.94239999999;125k–149k;40-44;20–29
18;H;0;42;CDI;35;7753.2;0.21;1;0;15;Compta Finances;0;96;93038.4;112576.46399999999;112576.46399999999;100k–124k;40-44;10–19
75;H;0;52;CDI;35;7713.77;0.23;1;0;14;Commercial;1;31;92565.24;113855.2452;113855.2452;100k–124k;50-54;10–19
101;H;0;34;CDI;35;7710.73;0.27;0;0;7;RH;0;86;92528.76;117511.52519999999;117511.52519999999;100k–124k;30-34;0–9
73;F;0;43;CDI;35;7687.98;0.09;0;0;17;RH;0;47;92255.76;100558.7784;100558.7784;100k–124k;40-44;10–19
199;F;0;40;CDI;35;7672.82;0.37;1;1;3;Consultant;0;77;92073.84;126141.1608;126141.1608;125k–149k;40-44;0–9
89;H;0;41;CDI;35;7654.62;0.05;1;0;23;Informatique;0;54;91855.44;96448.212;96448.212;75k–99k;40-44;20–29
6;F;0;49;CDI;35;7637.93;0.21;1;0;8;RH;0;84;91655.16;110902.7436;110902.7436;100k–124k;45-49;0–9
65;H;0;35;CDI;35;7637.93;0.27;0;0;13;Marketing;0;59;91655.16;116402.05320000001;116402.05320000001;100k–124k;35-39;10–19
41;F;0;41;CDI;35;7601.53;0.19;1;1;12;Compta Finances;0;55;91218.36;108549.8484;108549.8484;100k–124k;40-44;10–19
125;F;0;40;CDI;35;7496.88;0.06;1;0;21;Commercial;0;77;89962.56;95360.31360000001;95360.31360000001;75k–99k;40-44;20–29
218;F;0;58;CDI;35;7377.07;0.17;1;0;6;Compta Finances;0;70;88524.84;103574.06279999999;103574.06279999999;100k–124k;55-59;0–9
23;H;0;28;CDI;28;7358.87;0.31;1;0;9;Marketing;0;17;88306.44;115681.4364;144601.7955;125k–149k;-30;0–9
245;F;0;36;CDI;35;7308.82;0.12;0;0;20;Consultant;0;24;87705.84;98230.5408;98230.5408;75k–99k;35-39;20–29
5;F;0;36;CDI;35;7304.27;0.17;1;0;7;Consultant;0;34;87651.24;102551.9508;102551.9508;100k–124k;35-39;0–9
144;H;0;48;CDI;28;7269.08;0.07;1;1;9;Consultant;0;5;87228.95999999999;93334.9872;116668.734;100k–124k;45-49;0–9
232;H;0;55;CDI;35;7264.83;0.31;0;0;15;Marketing;0;64;87177.95999999999;114203.12759999999;114203.12759999999;100k–124k;55-59;10–19
162;H;0;53;CDI;35;7263.32;0.3;1;1;12;RH;0;84;87159.84;113307.792;113307.792;100k–124k;50-54;10–19
63;H;0;59;CDI;35;7185.97;0.07;1;0;5;Compta Finances;0;66;86231.64;92267.8548;92267.8548;75k–99k;55-59;0–9
16;H;0;41;CDI;35;7184.45;0.37;1;1;24;Marketing;0;54;86213.4;118112.35800000001;118112.35800000001;100k–124k;40-44;20–29
181;H;0;32;CDI;35;7178.38;0.38;1;0;6;Consultant;0;89;86140.56;118873.97279999999;118873.97279999999;100k–124k;30-34;0–9
217;F;0;37;CDI;35;7157.15;0.03;0;0;3;RH;0;6;85885.79999999999;88462.374;88462.374;75k–99k;35-39;0–9
25;F;1;34;CDI;35;7148.05;0.21;1;0;7;RH;1;42;85776.6;103789.686;103789.686;100k–124k;30-34;0–9
142;H;0;47;CDI;35;7098;0.01;1;0;23;Commercial;1;39;85176;86027.76;86027.76;75k–99k;45-49;20–29
243;H;0;52;CDI;35;7081.32;0.26;0;0;20;Informatique;0;31;84975.84;107069.5584;107069.5584;100k–124k;50-54;20–29
51;H;0;50;CDI;35;6973.63;0.31;0;1;19;Consultant;0;99;83683.56;109625.4636;109625.4636;100k–124k;50-54;10–19
158;F;0;34;CDI;35;6902.35;0.17;0;1;17;Commercial;0;21;82828.20000000001;96908.994;96908.994;75k–99k;30-34;10–19
205;H;0;56;CDI;24;6842.16;0.21;1;0;23;Marketing;0;1;82105.92;99348.1632;144882.73799999998;125k–149k;55-59;20–29
35;F;1;30;CDI;35;6838.65;0.05;1;0;3;Commercial;1;41;82063.79999999999;86166.98999999999;86166.98999999999;75k–99k;30-34;0–9
134;F;0;45;CDI;35;6818.93;0.14;1;0;24;Commercial;0;47;81827.16;93282.96240000002;93282.96240000002;75k–99k;45-49;20–29
81;F;0;41;CDI;32;6743.36;0.04;0;0;22;Compta Finances;0;6;80920.31999999999;84157.13279999999;92046.86399999999;75k–99k;40-44;20–29
105;F;0;58;CDI;35;6591.43;0.19;0;0;20;Consultant;1;63;79097.16;94125.6204;94125.6204;75k–99k;55-59;20–29
1;F;0;57;CDI;35;6583.85;0.13;1;0;12;Marketing;0;67;79006.20000000001;89277.00600000001;89277.00600000001;75k–99k;55-59;10–19
141;H;0;58;CDI;35;6526.22;0.36;0;1;22;Informatique;0;4;78314.64;106507.9104;106507.9104;100k–124k;55-59;20–29
40;H;0;38;CDI;35;6494.37;0.01;0;0;6;Informatique;1;30;77932.44;78711.7644;78711.7644;75k–99k;35-39;0–9
68;F;0;43;CDI;35;6413.98;0.24;1;0;7;Consultant;0;72;76967.76;95440.02239999999;95440.02239999999;75k–99k;40-44;0–9
160;H;0;52;CDI;35;6409.43;0.21;0;0;7;Consultant;0;80;76913.16;93064.9236;93064.9236;75k–99k;50-54;0–9
49;H;0;47;CDI;35;6398.82;0.11;1;0;7;Consultant;0;68;76785.84;85232.2824;85232.2824;75k–99k;45-49;0–9
201;F;0;33;CDI;35;6356.35;0.26;1;0;4;Informatique;0;4;76276.20000000001;96108.01200000002;96108.01200000002;75k–99k;30-34;0–9
165;F;0;57;CDI;35;6301.75;0.34;0;0;9;Consultant;0;39;75621;101332.14;101332.14;100k–124k;55-59;0–9
36;F;0;44;CDI;35;6212.27;0.05;1;0;4;Commercial;0;3;74547.24;78274.60200000001;78274.60200000001;75k–99k;40-44;0–9
242;H;0;45;CDI;35;6195.58;0.23;0;1;13;Commercial;0;56;74346.95999999999;91446.76079999999;91446.76079999999;75k–99k;45-49;10–19
82;H;0;48;CDI;24;6178.64;0.17;0;0;23;Informatique;0;57;74143.68000000001;86748.10560000001;126507.65400000001;125k–149k;45-49;20–29
189;H;0;28;CDI;35;6175.87;0.38;0;0;9;RH;0;29;74110.44;102272.4072;102272.4072;100k–124k;-30;0–9
13;F;0;47;CDI;35;6163.73;0.16;1;1;23;Commercial;0;38;73964.76;85799.12159999998;85799.12159999998;75k–99k;45-49;20–29
38;F;0;48;CDI;35;6127.33;0;1;1;14;Compta Finances;0;94;73527.95999999999;73527.95999999999;73527.95999999999;50k–74k;45-49;10–19
123;H;0;37;CDI;35;6121.27;0.32;0;0;20;Commercial;1;7;73455.24;96960.9168;96960.9168;75k–99k;35-39;20–29
47;H;0;42;CDI;35;6043.92;0.03;1;0;16;Consultant;0;36;72527.04000000001;74702.8512;74702.8512;50k–74k;40-44;10–19
45;H;0;44;CDI;35;6031.78;0.39;1;0;19;Commercial;1;74;72381.36;100610.09040000002;100610.09040000002;100k–124k;40-44;10–19
225;H;0;46;CDI;35;6002.97;0.02;1;0;22;Marketing;1;70;72035.64;73476.35280000001;73476.35280000001;50k–74k;45-49;20–29
167;H;0;45;CDI;35;5984.77;0.06;0;0;24;Commercial;0;17;71817.24;76126.27440000001;76126.27440000001;75k–99k;45-49;20–29
171;F;0;49;CDI;24;5951.92;0.32;1;0;8;Marketing;0;1;71423.04000000001;94278.41280000002;137489.352;125k–149k;45-49;0–9
33;H;0;31;CDI;35;5949.88;0.17;1;0;16;Commercial;0;41;71398.56;83536.3152;83536.3152;75k–99k;30-34;10–19
126;H;0;42;CDI;35;5930.17;0.33;0;0;5;Marketing;0;37;71162.04000000001;94645.51320000002;94645.51320000002;75k–99k;40-44;0–9
244;F;0;50;CDI;24;5895.76;0.23;1;0;22;Commercial;0;15;70749.12;87021.41759999999;126906.23399999997;125k–149k;50-54;20–29
95;H;0;37;CDI;35;5810.35;0.36;1;0;5;Consultant;0;94;69724.20000000001;94824.91200000001;94824.91200000001;75k–99k;35-39;0–9
79;H;0;36;CDI;35;5805.8;0.37;0;0;21;Commercial;0;15;69669.6;95447.35200000001;95447.35200000001;75k–99k;35-39;20–29
30;H;0;52;CDI;35;5749.68;0.17;0;0;13;Commercial;0;19;68996.16;80725.5072;80725.5072;75k–99k;50-54;10–19
34;F;0;52;CDI;35;5739.07;0.06;1;1;24;Consultant;0;51;68868.84;73000.9704;73000.9704;50k–74k;50-54;20–29
27;H;0;34;CDI;24;5724.16;0.15;1;0;18;Compta Finances;0;100;68689.92;78993.408;115198.71999999999;100k–124k;30-34;10–19
180;F;0;25;CDI;35;5585.88;0.17;1;0;15;Consultant;0;50;67030.56;78425.7552;78425.7552;75k–99k;-30;10–19
193;F;0;38;CDI;35;5581.33;0.2;1;1;23;Commercial;1;86;66975.95999999999;80371.15199999999;80371.15199999999;75k–99k;35-39;20–29
246;F;0;60;CDI;35;5522.18;0.09;1;0;5;RH;0;7;66266.16;72230.1144;72230.1144;50k–74k;60-64;0–9
241;H;0;44;CDI;35;5517.63;0.23;1;1;23;Marketing;0;81;66211.56;81440.2188;81440.2188;75k–99k;40-44;20–29
251;H;0;47;CDI;35;5464.55;0.34;0;0;10;Commercial;0;47;65574.6;87869.964;87869.964;75k–99k;45-49;10–19
248;H;0;30;CDI;24;5462.08;0.39;0;0;7;Marketing;0;25;65544.95999999999;91107.4944;132865.096;125k–149k;30-34;0–9
97;H;0;50;CDI;35;5455.45;0.07;0;0;19;Consultant;0;8;65465.399999999994;70047.978;70047.978;50k–74k;50-54;10–19
197;H;0;52;CDI;24;5448.56;0.3;0;0;7;Consultant;0;51;65382.72;84997.53600000001;123954.74;100k–124k;50-54;0–9
236;F;0;44;CDI;35;5388.72;0.3;1;0;8;Consultant;0;51;64664.64;84064.032;84064.032;75k–99k;40-44;0–9
220;H;0;59;CDI;35;5359.9;0.04;1;0;15;RH;0;80;64318.799999999996;66891.552;66891.552;50k–74k;55-59;10–19
14;F;0;63;CDI;35;5293.17;0.39;0;0;18;RH;0;30;63518.04;88290.07560000001;88290.07560000001;75k–99k;60-64;10–19
60;H;0;49;CDI;35;5212.78;0.11;0;0;4;Informatique;0;32;62553.36;69434.2296;69434.2296;50k–74k;45-49;0–9
113;F;0;47;CDI;35;5106.62;0.1;0;0;9;RH;0;77;61279.44;67407.384;67407.384;50k–74k;45-49;0–9
102;H;0;41;CDI;28;5097.21;0.1;1;0;9;Consultant;0;62;61166.520000000004;67283.172;84103.96500000001;75k–99k;40-44;0–9
10;F;0;41;CDI;35;5092.97;0.11;1;0;23;Commercial;0;31;61115.64;67838.3604;67838.3604;50k–74k;40-44;20–29
62;F;0;52;CDI;35;5076.28;0.33;0;0;4;RH;0;20;60915.36;81017.42880000001;81017.42880000001;75k–99k;50-54;0–9
76;F;0;52;CDI;35;5067.18;0.39;1;0;15;RH;0;55;60806.16;84520.56240000001;84520.56240000001;75k–99k;50-54;10–19
192;F;1;31;CDI;35;5056.57;0.24;1;0;16;RH;0;46;60678.84;75241.7616;75241.7616;75k–99k;30-34;10–19
93;H;0;55;CDI;35;5035.33;0.24;0;0;24;RH;0;95;60423.96;74925.7104;74925.7104;50k–74k;55-59;20–29
145;H;0;48;CDI;35;4988.32;0.08;0;0;22;Compta Finances;0;52;59859.84;64648.6272;64648.6272;50k–74k;45-49;20–29
2;F;0;58;CDI;24;4974.32;0.32;0;0;11;Commercial;1;66;59691.84;78793.2288;114906.79199999999;100k–124k;55-59;10–19
80;F;0;50;CDI;24;4882.8;0.17;1;0;9;Commercial;0;1;58593.600000000006;68554.512;99975.33;75k–99k;50-54;0–9
127;F;0;35;CDI;24;4851.6;0.14;0;0;20;RH;0;11;58219.200000000004;66369.888;96789.42;75k–99k;35-39;20–29
157;H;0;29;CDI;24;4795.44;0.19;0;1;5;Consultant;0;33;57545.28;68478.8832;99865.03799999999;75k–99k;-30;0–9
90;F;0;38;CDI;35;4763.85;0.07;1;0;10;Marketing;0;73;57166.200000000004;61167.83400000001;61167.83400000001;50k–74k;35-39;10–19
168;F;0;39;CDI;35;4712.28;0.26;1;0;12;Consultant;0;46;56547.36;71249.6736;71249.6736;50k–74k;35-39;10–19
128;F;0;55;CDI;35;4663.75;0.05;0;0;24;Informatique;1;32;55965;58763.25;58763.25;50k–74k;55-59;20–29
120;H;0;38;CDI;35;4624.32;0.15;0;0;10;Marketing;0;92;55491.84;63815.615999999995;63815.615999999995;50k–74k;35-39;10–19
122;F;0;47;CDI;35;4563.65;0.38;1;0;16;Marketing;1;51;54763.799999999996;75574.044;75574.044;75k–99k;45-49;10–19
212;F;0;43;CDI;35;4516.63;0.34;1;0;17;Consultant;0;90;54199.56;72627.41040000001;72627.41040000001;50k–74k;40-44;10–19
209;H;0;50;CDI;35;4499.95;0.22;1;0;5;RH;0;46;53999.399999999994;65879.268;65879.268;50k–74k;50-54;0–9
110;H;0;49;CDI;35;4449.9;0.33;1;0;2;Consultant;0;2;53398.799999999996;71020.404;71020.404;50k–74k;45-49;0–9
133;F;0;46;CDI;35;4424.12;0.3;0;0;24;Marketing;0;29;53089.44;69016.27200000001;69016.27200000001;50k–74k;45-49;20–29
148;H;0;50;CDI;35;4421.08;0.06;1;1;14;Compta Finances;0;28;53052.96;56236.1376;56236.1376;50k–74k;50-54;10–19
255;H;0;60;CDI;35;4296.72;0.39;0;0;10;Consultant;0;39;51560.64;71669.2896;71669.2896;50k–74k;60-64;10–19
116;F;0;60;CDI;35;4289.13;0.12;0;1;12;Consultant;0;82;51469.56;57645.9072;57645.9072;50k–74k;60-64;10–19
108;H;0;35;CDI;35;4281.55;0.13;1;0;8;Consultant;0;50;51378.600000000006;58057.818;58057.818;50k–74k;35-39;0–9
130;H;0;52;CDI;35;4263.35;0.31;0;0;15;Compta Finances;0;48;51160.200000000004;67019.86200000001;67019.86200000001;50k–74k;50-54;10–19
72;F;0;49;CDI;35;4204.2;0.39;1;0;9;Compta Finances;0;4;50450.399999999994;70126.056;70126.056;50k–74k;45-49;0–9
86;F;0;31;CDI;35;4198.13;0.34;1;0;4;Compta Finances;0;14;50377.56;67505.9304;67505.9304;50k–74k;30-34;0–9
74;H;0;55;CDI;24;4165.2;0.12;0;0;22;Informatique;0;41;49982.399999999994;55980.288;81637.92;75k–99k;55-59;20–29
234;F;0;47;CDI;35;4152.63;0.07;1;0;15;Commercial;1;60;49831.56;53319.7692;53319.7692;50k–74k;45-49;10–19
107;H;0;38;CDI;35;4134.43;0.22;0;0;22;Consultant;0;34;49613.16;60528.0552;60528.0552;50k–74k;35-39;20–29
12;F;0;59;CDI;24;4117.36;0.08;1;0;6;RH;0;35;49408.31999999999;53360.98559999999;77818.10399999999;75k–99k;55-59;0–9
150;F;0;42;CDI;35;4082.87;0.28;0;0;22;Marketing;0;74;48994.44;62712.883200000004;62712.883200000004;50k–74k;40-44;20–29
94;H;0;55;CDI;35;4022.2;0.14;0;0;15;Marketing;0;37;48266.399999999994;55023.695999999996;55023.695999999996;50k–74k;55-59;10–19
52;F;0;35;CDI;35;4013.1;0.12;0;0;8;Compta Finances;0;93;48157.2;53936.064;53936.064;50k–74k;35-39;0–9
48;H;0;40;CDI;35;4000.97;0.4;1;0;24;Consultant;0;60;48011.64;67216.296;67216.296;50k–74k;40-44;20–29
58;H;0;56;CDI;35;3891.77;0.32;0;0;7;Consultant;0;13;46701.24;61645.6368;61645.6368;50k–74k;55-59;0–9
100;H;0;30;CDI;35;3882.67;0.01;0;1;11;RH;0;49;46592.04;47057.9604;47057.9604;30k–49k;30-34;10–19
53;F;0;50;CDI;24;3853.2;0.09;1;1;24;Compta Finances;0;47;46238.399999999994;50399.856;73499.79;50k–74k;50-54;20–29
99;F;0;53;CDI;35;3835.65;0.26;0;0;14;RH;0;99;46027.8;57995.028000000006;57995.028000000006;50k–74k;50-54;10–19
156;H;0;41;CDI;35;3803.8;0.3;0;0;20;RH;0;39;45645.600000000006;59339.280000000006;59339.280000000006;50k–74k;40-44;20–29
85;F;0;56;CDI;35;3800.77;0.09;1;1;24;Commercial;0;61;45609.24;49714.0716;49714.0716;30k–49k;55-59;20–29
92;F;0;50;CDI;35;3797.73;0.24;0;0;23;RH;0;29;45572.76;56510.2224;56510.2224;50k–74k;50-54;20–29
254;F;0;45;CDI;35;3705.22;0.29;1;0;13;RH;1;62;44462.64;57356.8056;57356.8056;50k–74k;45-49;10–19
114;H;0;38;CDD;35;3693.08;0.24;0;0;0;Marketing;0;25;44316.96;54953.030399999996;54953.030399999996;50k–74k;35-39;0–9
137;H;0;36;CDI;35;3677.92;0.33;0;1;22;Commercial;0;95;44135.04;58699.603200000005;58699.603200000005;50k–74k;35-39;20–29
70;H;0;63;CDI;35;3655.17;0.33;0;0;19;Marketing;0;69;43862.04;58336.5132;58336.5132;50k–74k;60-64;10–19
174;F;0;44;CDD;35;3640;0.06;0;0;1;Marketing;0;96;43680;46300.8;46300.8;30k–49k;40-44;0–9
172;F;0;38;CDI;35;3597.53;0.32;1;0;16;Marketing;0;38;43170.36;56984.8752;56984.8752;50k–74k;35-39;10–19
203;H;0;45;CDI;35;3582.37;0.3;1;0;22;Marketing;0;81;42988.44;55884.972;55884.972;50k–74k;45-49;20–29
155;F;1;26;CDI;35;3547.48;0.39;1;0;11;Consultant;0;1;42569.76;59171.966400000005;59171.966400000005;50k–74k;-30;10–19
223;H;0;47;CDI;35;3508.05;0.11;0;1;24;RH;0;92;42096.600000000006;46727.22600000001;46727.22600000001;30k–49k;45-49;20–29
228;H;0;29;CDI;35;3486.82;0.19;0;0;3;RH;0;65;41841.840000000004;49791.789600000004;49791.789600000004;30k–49k;-30;0–9
177;H;0;39;CDI;35;3462.55;0.03;1;0;20;Marketing;1;99;41550.600000000006;42797.11800000001;42797.11800000001;30k–49k;35-39;20–29
21;F;0;54;CDI;35;3459.52;0.3;0;0;10;Consultant;0;25;41514.24;53968.512;53968.512;50k–74k;50-54;10–19
28;H;0;35;CDI;35;3436.77;0.27;1;0;10;Compta Finances;0;44;41241.24;52376.3748;52376.3748;50k–74k;35-39;10–19
211;H;0;47;CDI;35;3383.68;0.23;0;0;17;Compta Finances;0;56;40604.159999999996;49943.116799999996;49943.116799999996;30k–49k;45-49;10–19
169;H;0;53;CDI;35;3335.15;0.28;1;0;7;RH;0;90;40021.8;51227.904;51227.904;50k–74k;50-54;0–9
111;F;0;34;CDI;35;3260.83;0.3;1;0;17;Commercial;0;42;39129.96;50868.948000000004;50868.948000000004;50k–74k;30-34;10–19
106;F;0;52;CDI;35;3256.28;0.34;0;0;8;Marketing;0;25;39075.36;52360.9824;52360.9824;50k–74k;50-54;0–9
222;H;0;40;CDI;35;3232.02;0.35;0;0;24;Consultant;0;36;38784.24;52358.724;52358.724;50k–74k;40-44;20–29
164;F;0;49;CDI;35;3218.37;0.27;1;0;19;RH;0;23;38620.44;49047.9588;49047.9588;30k–49k;45-49;10–19
170;F;0;25;CDD;35;3201.68;0.38;0;0;0;Compta Finances;0;45;38420.159999999996;53019.820799999994;53019.820799999994;50k–74k;-30;0–9
204;F;0;44;CDD;35;3185;0.03;0;0;1;Commercial;0;58;38220;39366.6;39366.6;30k–49k;40-44;0–9
210;F;0;44;CDD;35;3168.32;0.1;0;0;1;Consultant;0;18;38019.840000000004;41821.82400000001;41821.82400000001;30k–49k;40-44;0–9
226;F;0;57;CDI;35;3165.28;0;0;0;6;Commercial;1;67;37983.36;37983.36;37983.36;30k–49k;55-59;0–9
249;F;0;60;CDI;24;3116.88;0.37;0;0;8;RH;0;48;37402.56;51241.5072;74727.19799999999;50k–74k;60-64;0–9
238;F;0;62;CDI;35;3097.03;0.13;0;0;25;Consultant;0;19;37164.36;41995.7268;41995.7268;30k–49k;60-64;20–29
22;F;0;49;CDI;24;3060.72;0.06;0;0;19;RH;0;73;36728.64;38932.358400000005;56776.35600000001;50k–74k;45-49;10–19
200;F;0;59;CDD;35;3033.33;0.08;0;0;0;Consultant;0;24;36399.96;39311.9568;39311.9568;30k–49k;55-59;0–9
39;F;0;53;CDI;35;3012.1;0.19;1;0;16;RH;0;15;36145.2;43012.78799999999;43012.78799999999;30k–49k;50-54;10–19
224;H;0;28;CDI;35;2998.45;0.21;1;0;8;Marketing;0;22;35981.399999999994;43537.49399999999;43537.49399999999;30k–49k;-30;0–9
166;F;0;53;CDI;35;2928.68;0.33;1;1;5;Commercial;1;97;35144.159999999996;46741.7328;46741.7328;30k–49k;50-54;0–9
46;H;0;46;CDI;35;2918.07;0.39;1;0;21;Consultant;0;89;35016.840000000004;48673.40760000001;48673.40760000001;30k–49k;45-49;20–29
154;F;0;37;CDI;35;2916.55;0.35;1;0;10;Commercial;0;98;34998.600000000006;47248.11000000001;47248.11000000001;30k–49k;35-39;10–19
161;F;0;55;CDI;35;2912;0.35;0;1;4;Marketing;0;40;34944;47174.4;47174.4;30k–49k;55-59;0–9
190;F;0;51;CDD;35;2881.67;0.27;0;0;1;Commercial;0;76;34580.04;43916.6508;43916.6508;30k–49k;50-54;0–9
252;H;0;32;CDD;35;2848.3;0.15;1;0;3;Informatique;1;81;34179.600000000006;39306.54;39306.54;30k–49k;30-34;0–9
147;H;0;46;CDI;35;2843.75;0.02;0;0;12;Consultant;0;69;34125;34807.5;34807.5;30k–49k;45-49;10–19
37;H;0;63;CDI;35;2834.65;0.15;1;0;6;Consultant;0;24;34015.8;39118.17;39118.17;30k–49k;60-64;0–9
83;H;0;49;CDI;35;2828.58;0.21;0;0;24;Commercial;0;86;33942.96;41070.9816;41070.9816;30k–49k;45-49;20–29
17;H;0;53;CDI;28;2813.72;0.08;1;0;13;Consultant;0;9;33764.64;36465.811200000004;45582.264;30k–49k;50-54;10–19
135;H;0;56;CDI;35;2777.02;0.1;1;0;23;Consultant;0;66;33324.24;36656.664000000004;36656.664000000004;30k–49k;55-59;20–29
247;H;0;36;CDI;35;2769.43;0.33;0;0;18;Compta Finances;1;89;33233.159999999996;44200.1028;44200.1028;30k–49k;35-39;10–19
229;H;0;64;CDI;35;2767.92;0.06;1;0;9;RH;0;88;33215.04;35207.9424;35207.9424;30k–49k;60-64;0–9
91;H;0;55;CDI;24;2735.2;0.27;0;0;21;RH;0;47;32822.399999999994;41684.448;60789.81999999999;50k–74k;55-59;20–29
183;F;0;47;CDI;35;2731.52;0.04;1;0;16;Consultant;0;3;32778.24;34089.3696;34089.3696;30k–49k;45-49;10–19
42;H;0;52;CDI;35;2675.4;0.2;1;0;3;Consultant;0;60;32104.800000000003;38525.76;38525.76;30k–49k;50-54;0–9
15;H;0;59;CDI;35;2604.12;0.32;1;0;20;Compta Finances;0;70;31249.44;41249.260800000004;41249.260800000004;30k–49k;55-59;20–29
44;H;0;34;CDI;35;2561.65;0.13;0;0;17;Consultant;0;68;30739.800000000003;34735.974;34735.974;30k–49k;30-34;10–19
69;H;0;36;CDD;35;2558.62;0.22;0;0;1;Consultant;1;59;30703.44;37458.1968;37458.1968;30k–49k;35-39;0–9
176;H;0;36;CDI;35;2511.6;0.21;0;0;9;Commercial;1;79;30139.199999999997;36468.43199999999;36468.43199999999;30k–49k;35-39;0–9
43;F;0;46;CDI;24;2507.44;0.18;1;1;16;RH;0;98;30089.28;35505.350399999996;51778.63599999999;50k–74k;45-49;10–19
230;F;0;48;CDD;32;2496;0.21;0;0;1;Consultant;1;6;29952;36241.92;39639.6;30k–49k;45-49;0–9
188;F;0;48;CDD;35;2426.67;0.21;0;0;0;Marketing;1;70;29120.04;35235.2484;35235.2484;30k–49k;45-49;0–9
185;H;0;47;CDI;35;2396.33;0.11;0;0;21;Commercial;1;62;28755.96;31919.1156;31919.1156;30k–49k;45-49;20–29
178;F;0;34;CDI;35;2369.03;0.2;0;0;12;Commercial;0;52;28428.36;34114.032;34114.032;30k–49k;30-34;10–19
112;H;0;49;CDD;32;2357.33;0.12;0;0;1;Consultant;0;100;28287.96;31682.5152;34652.751000000004;30k–49k;45-49;0–9
56;F;0;51;CDI;35;2309.88;0.23;0;0;8;Commercial;0;63;27718.56;34093.8288;34093.8288;30k–49k;50-54;0–9
24;F;0;31;CDD;35;2226.47;0.02;0;0;1;Consultant;0;81;26717.64;27251.9928;27251.9928;<30k;30-34;0–9
239;F;0;45;CDI;35;2132.43;0.18;1;1;3;Consultant;0;60;25589.159999999996;30195.208799999993;30195.208799999993;30k–49k;45-49;0–9
131;F;0;56;CDD;35;2123.33;0.39;0;0;1;Compta Finances;0;84;25479.96;35417.144400000005;35417.144400000005;30k–49k;55-59;0–9
119;F;0;47;CDI;35;2079.35;0.07;1;1;13;Compta Finances;1;40;24952.199999999997;26698.854;26698.854;<30k;45-49;10–19
103;F;0;41;CDI;35;2073.28;0.28;0;0;21;Consultant;0;59;24879.36;31845.5808;31845.5808;30k–49k;40-44;20–29
77;F;0;57;CDI;35;2070.25;0.34;0;0;3;Commercial;0;58;24843;33289.62;33289.62;30k–49k;55-59;0–9
215;F;1;24;CDI;35;2070.25;0.24;1;0;9;Consultant;0;95;24843;30805.32;30805.32;30k–49k;-30;0–9
118;H;0;59;CDI;24;2055.04;0.12;0;0;13;Consultant;0;37;24660.48;27619.7376;40278.784;30k–49k;55-59;10–19
231;F;0;28;CDI;35;2052.05;0.13;0;0;5;Compta Finances;0;12;24624.600000000002;27825.798;27825.798;<30k;-30;0–9
66;F;0;35;CDI;35;2027.78;0.19;0;0;6;Consultant;0;92;24333.36;28956.6984;28956.6984;<30k;35-39;0–9
50;H;0;44;CDI;35;2024.75;0.04;1;0;14;Consultant;0;42;24297;25268.88;25268.88;<30k;40-44;10–19
87;F;1;26;CDI;35;2008.07;0.35;1;0;3;Compta Finances;0;44;24096.84;32530.734000000004;32530.734000000004;30k–49k;-30;0–9
208;H;0;35;CDD;35;1989.87;0.05;0;0;1;Marketing;0;19;23878.44;25072.362;25072.362;<30k;35-39;0–9
84;H;0;39;CDI;35;1979.25;0.06;1;0;5;Compta Finances;0;31;23751;25176.06;25176.06;<30k;35-39;0–9
19;F;1;30;CDD;35;1920.1;0.17;1;0;1;Compta Finances;0;18;23041.199999999997;26958.203999999994;26958.203999999994;<30k;30-34;0–9
235;H;0;46;CDI;35;1873.08;0.27;0;0;12;Consultant;0;45;22476.96;28545.7392;28545.7392;<30k;45-49;10–19
207;F;1;32;CDI;35;1863.98;0.12;1;0;2;Marketing;0;67;22367.760000000002;25051.891200000005;25051.891200000005;<30k;30-34;0–9
221;H;0;43;CDI;28;1851.55;0.19;0;0;23;Consultant;0;15;22218.6;26440.134;33050.167499999996;30k–49k;40-44;20–29
196;H;0;36;CDI;35;1835.17;0.06;0;0;19;Compta Finances;0;15;22022.04;23343.3624;23343.3624;<30k;35-39;10–19
202;H;0;53;CDI;35;1833.65;0.08;0;1;8;Compta Finances;0;17;22003.800000000003;23764.104000000003;23764.104000000003;<30k;50-54;0–9
163;H;0;31;CDI;35;1803.32;0.08;1;0;4;Consultant;0;81;21639.84;23371.0272;23371.0272;<30k;30-34;0–9
173;F;0;47;CDI;35;1774.5;0.16;1;0;5;Consultant;0;47;21294;24701.039999999997;24701.039999999997;<30k;45-49;0–9
159;H;0;50;CDI;35;1772.98;0.2;1;1;16;Compta Finances;0;44;21275.760000000002;25530.912;25530.912;<30k;50-54;10–19
227;H;0;49;CDI;24;1709.76;0.1;1;1;10;Consultant;0;87;20517.12;22568.832000000002;32912.880000000005;30k–49k;45-49;10–19
67;F;0;46;CDI;35;1703.22;0.39;1;0;5;Consultant;0;87;20438.64;28409.709600000002;28409.709600000002;<30k;45-49;0–9
253;H;0;52;CDI;35;1697.15;0.17;1;0;21;Consultant;0;98;20365.800000000003;23827.986;23827.986;<30k;50-54;20–29
143;H;0;26;CDI;35;1669.85;0.22;1;0;12;Marketing;0;32;20038.199999999997;24446.603999999996;24446.603999999996;<30k;-30;10–19
213;H;0;39;CDI;35;1651.65;0.18;0;0;17;Consultant;0;69;19819.800000000003;23387.364;23387.364;<30k;35-39;10–19
61;F;0;32;CDI;35;1598.57;0.18;0;1;14;Marketing;0;40;19182.84;22635.7512;22635.7512;<30k;30-34;10–19
7;H;0;44;CDI;35;1590.98;0.3;1;1;14;Commercial;0;62;19091.760000000002;24819.288000000004;24819.288000000004;<30k;40-44;10–19
198;H;0;49;CDI;24;1110.72;0.14;1;0;6;Consultant;0;30;13328.64;15194.6496;22158.864;<30k;45-49;0–9
153;F;0;33;CDI;24;1059.76;0.01;0;1;11;Compta Finances;0;68;12717.119999999999;12844.2912;18731.257999999998;<30k;30-34;10–19
